,Brand,Model,Features,Color,Display_size,belt_size,Prices,MRP,Deal,Offer_percentage
0,Fire-Boltt,Hurricane,33.02mm (1.3) Curved Glass Display...,Grey Strap,1.3, Free Size,1499.0,8999.0,Bank Offer,83
1,Fire-Boltt,Ninja,Calling Pro Plus 46.5mm (1.83) Display...,Cinnamon Slate Strap,1.83, Free Size,1049.0,9999.0,Super Deals,89
2,Noise,Colorfit,Icon 2 1.8'' Display with Bluetooth Call...,Jet Black Strap,1.8, Regular,1099.0,5999.0,Super Deals,81
3,REPOINT,Big,Smart watch combo 10 in one Smartwatch,Multicolour Strap,10, 42,757.0,1599.0,Only few left,52
4,Fire-Boltt,Ninja,Calling Pro Plus 46.5mm (1.83) Display...,Pink Strap,1.83, Free Size,999.0,9999.0,Super Deals,90
5,GOBOULT,(formerly,"Boult) Crown 1.95"" Screen, BT Calling...",Black Strap,1.95, Free Size,1099.0,4499.0,Super Deals,75
6,Noise,Colorfit,Icon 2 1.8'' Display with Bluetooth Call...,Deep Wine Strap,1.8, Regular,1099.0,5999.0,Super Deals,81
7,Noise,Triumph,"1.85"" Display with swappable dial cases, ...",Grey Strap,1.85, Regular,999.0,8999.0,Super Deals,88
8,Fastrack,Revoltt,XR1-1.38|BT Calling|Fast Charge|100+ S...,Beige Strap,nan, Free Size,1449.0,3995.0,Hot Deal,63
9,Fastrack,XR1-1.38|BT,Calling|Fast Charge|100+ Sports Mo...,Blue Strap,nan, Free Size,1449.0,3995.0,Hot Deal,63
10,GOBOULT,(formerly,"Boult) Rover Pro 1.43'' AMOLED, BT Ca...",Ash Black Strap,1.43, Free Size,1599.0,9999.0,Super Deals,84
11,GOBOULT,(formerly,"Boult) Dire 1.38"" 2.5D HD Display, 50...",Black Strap,1.38, Free Size,1099.0,4999.0,Bank Offer,78
12,Fire-Boltt,Rise,"Bluetooth Calling 47mm (1.85), Metal Bo...",Ice Grey Strap,1.85, Free Size,1049.0,11999.0,Super Deals,91
13,boAt,Storm,"Call 3 Plus w/ Turn by Turn Navigation, QR T...",Active Black Strap,1.96, Free Size,1149.0,7499.0,Bank Offer,84
14,GameSir,I8,Pro Smart Watch Series 8 with multiple Featu...,Black Strap,nan, 1.75 Inch Full Screen Display,630.0,2999.0,Super Deals,78
15,Fastrack,Revolt,FS1+ 2.01inch Biggest UltraVU Display|I...,Green Strap,2.01, Free Size,1574.0,5995.0,Bank Offer,73
16,GOBOULT,(formerly,"Boult) Drift BT Calling HD Display, 1...",Sand Black Strap,nan, Free Size,1099.0,7999.0,Bank Offer,86
17,Fire-Boltt,Rise,"Luxe Bluetooth Calling 47mm (1.85), Met...",Rose Gold Millanese Strap,1.85, Free Size,1149.0,12999.0,Super Deals,91
18,Fire-Boltt,Talk,35.3mm (1.39) Bluetooth Calling with Sp...,Active Black Strap,1.39, 46,1399.0,9999.0,Bank Offer,86
19,Fire-Boltt,Hurricane,33.02mm (1.3) Curved Glass Display...,Gold Pink Strap,1.3, Free Size,1373.0,8999.0,Bank Offer,84
20,Fire-Boltt,Brillia,51.3mm (2.06 inch) Largest AMOLED Di...,Champagne Strap,2.06, Free Size,1749.0,18999.0,Super Deals,90
21,Fire-Boltt,Ninja,Talk 35.3mm (1.39) Round Bluetooth Cal...,Gold SS Strap,1.39, 1.39,1349.0,11999.0,Super Deals,88
22,Noise,Colorfit,Icon 2 1.8'' Display with Bluetooth Call...,Silver Grey Strap,1.8, Regular,1199.0,5999.0,Super Deals,80
23,Fastrack,Revoltt,FS1-1.83''|BT Calling|Fast Charge|110+...,Black Strap,1.83, Free Size,1449.0,3995.0,Hot Deal,63
24,Fastrack,Revoltt,FR2-1.38''|Advanced Blazing Fast UI|Wo...,Black Strap,1.38, Free Size,1699.0,3999.0,Bank Offer,57
25,boAt,Wave,"Fury with 1.83'' HD Display, Bluetooth Callin...",Blue Strap,1.83, Free Size,1199.0,6999.0,Bank Offer,82
26,GOBOULT,(formerly,"Boult) Drift Max 2.01''HD Screen,BT C...",Pure Black Strap,2.01, Free Size,1499.0,7999.0,Bank Offer,81
27,GOBOULT,(formerly,"Boult) Drift BT Calling HD Display, 1...",Beige Strap,nan, Free Size,1099.0,7999.0,Bank Offer,86
28,boAt,Wave,"Fury with 1.83'' HD Display, Bluetooth Callin...",Active Black Strap,1.83, Free Size,1199.0,6999.0,Bank Offer,82
29,Fastrack,Revoltt,FS1-1.85''|Advanced Blazing Fast UI|Wo...,Wine Strap,1.85, Free Size,1449.0,3799.0,Hot Deal,61
30,Fire-Boltt,Rise,"Bluetooth Calling 47mm (1.85), Metal Bo...",Gold Black Strap,1.85, Free Size,1099.0,11999.0,Super Deals,90
31,Fire-Boltt,Ninja,Talk 35.3mm (1.39) Round Bluetooth Cal...,White Classic Strap,1.39, Free Size,1888.0,11999.0,Bank Offer,84
32,Noise,Icon,"4 with Stunning 1.96'' AMOLED Display, Metal...",Space Blue Strap,1.96, Regular,1699.0,6999.0,Super Deals,75
33,Cellecor,"1.91""",HD Display | 600 NITS | BT-Calling | AI ...,GARNISH/DARK GREY Strap,1.91, Free Size,898.0,3999.0,Super Deals,77
34,Noise,Icon,"2 2025 - 1.81"" Display, 500 NITS BrightnessB...",Deep Wine Strap,1.81, Regular,1098.0,5999.0,Super Deals,81
35,alt,OG,Supreme 1.96'' AMOLED Single Chip Calling 120 sp...,Black Strap,1.96, Regular,799.0,14999.0,Super Deals,94
36,Fire-Boltt,Brillia,Pro 51.3mm (2.02) Largest AMOLED Dis...,Champagne Chain Strap,2.02, Free Size,1849.0,18999.0,Super Deals,90
37,Fire-Boltt,Brillia,51.3mm (2.06 inch) Largest AMOLED Di...,Dark Grey Strap,2.06, Free Size,1749.0,18999.0,Super Deals,90
38,Noise,Icon,"Buz 1.69"" Display with Bluetooth Calling, Bu...",Blue Strap,1.69, Regular,1199.0,4999.0,Super Deals,76
39,Noise,Icon,"Buzz 1.69"" Display with Bluetooth Calling, B...",Jet Black Strap,1.69, Regular,1199.0,4999.0,Only few left,76
40,GOBOULT,(formerly,"Boult) Crown 1.95"" Screen, BT Calling...",Black Strap,1.95, Free Size,1099.0,4499.0,Super Deals,75
41,Fire-Boltt,Ninja,Calling Pro Plus 46.5mm (1.83) Display...,Cinnamon Slate Strap,1.83, Free Size,1049.0,9999.0,Super Deals,89
42,Cellecor,M5,"PLUS 2.01"" IPS HD Display | 700 NITS | BT-C...",Cool Grey Strap,2.01, Free Size,999.0,3999.0,Only few left,75
43,Fire-Boltt,Talk,35.3mm (1.39) Bluetooth Calling with Sp...,Deep Blue Strap,1.39, L,1099.0,9999.0,Super Deals,89
44,boAt,Storm,"call 3 w/TBT Navigation,Watch Face Studio,1....",Black Metal Strap,1.83, Free Size,1198.0,8499.0,Super Deals,85
45,Noise,Icon,"4 with Stunning 1.96'' AMOLED Display, Metal...",Jet Black Strap,1.96, Regular,1699.0,6999.0,Super Deals,75
46,GOBOULT,(formerly,"Boult) Rover Pro 1.43'' AMOLED, BT Ca...",Ash Black Strap,1.43, Free Size,1599.0,9999.0,Super Deals,84
47,GOBOULT,(formerly,"Boult) Dire 1.38"" 2.5D HD Display, 50...",Black Strap,1.38, Free Size,1099.0,4999.0,Bank Offer,78
48,Fire-Boltt,Ninja,Talk 35.3mm (1.39) Round Bluetooth Cal...,Grey Strap,1.39," 1.39""",1299.0,11999.0,Bank Offer,89
49,Fire-Boltt,Ninja,Calling Pro Plus 46.5mm (1.83) Display...,Wine New Strap,1.83, Free Size,1049.0,9999.0,Super Deals,89
50,Fire-Boltt,Hurricane,33.02mm (1.3) Curved Glass Display...,Grey Strap,1.3, Free Size,1499.0,8999.0,Bank Offer,83
51,GOBOULT,(formerly,"Boult) Drift BT Calling HD Display, 1...",Sand Black Strap,nan, Free Size,1099.0,7999.0,Bank Offer,86
52,Fire-Boltt,Ninja,Calling Pro Plus 46.5mm (1.83) Display...,Black Strap,1.83, Free Size,1099.0,9999.0,Bank Offer,89
53,Fastrack,Optimus2,Pro-1.43'' AMOLED|Advanced Blazing Fa...,Black Strap,1.43, Free Size,2399.0,3999.0,Hot Deal,40
54,GOBOULT,(formerly,"Boult) Trail 2.01"" 3D Curved Display,...",Raven Black Strap,2.01, Free Size,1199.0,6999.0,Bank Offer,82
55,Noise,Crew,"1.38 Round Display with Bluetooth Calling, M...",Midnight Blue Strap,nan, Regular,1299.0,4999.0,Super Deals,74
56,Fire-Boltt,Rise,"Luxe Bluetooth Calling 47mm (1.85), Met...",Rose Gold Millanese Strap,1.85, Free Size,1149.0,12999.0,Super Deals,91
57,Fire-Boltt,Brillia,51.3mm (2.06 inch) Largest AMOLED Di...,Champagne Strap,2.06, Free Size,1749.0,18999.0,Super Deals,90
58,boAt,Storm,"Call w/ 4.29 cm(1.69""), BT Calling & 550 Nit...",Bold Black Strap,1.69, Free Size,1249.0,7990.0,Super Deals,84
59,Noise,Icon,"2 2025 - 1.81"" Display, 500 NITS BrightnessB...",Aqua Blue Strap,1.81, Regular,1098.0,5999.0,Super Deals,81
60,Fire-Boltt,Ninja,Talk 35.3mm (1.39) Round Bluetooth Cal...,Gold SS Strap,1.39, 1.39,1349.0,11999.0,Super Deals,88
61,GOBOULT,(formerly,"Boult) Drift BT Calling HD Display, 1...",Beige Strap,nan, Free Size,1099.0,7999.0,Bank Offer,86
62,Fire-Boltt,Rise,"Bluetooth Calling 47mm (1.85), Metal Bo...",Cinnamon Slate Strap,1.85, Free Size,1049.0,11999.0,Super Deals,91
63,REDMI,Watch,"Move 1.85 Premium AmoLED,14 Day Battery,Bes...",Silver Sprint Strap,nan, Free Size,1999.0,3999.0,Bank Offer,50
64,FITRIC,T800,ultra smart watch with wireless charging Sm...,orange Strap,nan, M,460.0,2999.0,Super Deals,84
65,Noise,Icon,"2 2025 - 1.81"" Display, 500 NITS BrightnessB...",Space Blue Strap,1.81, Regular,1098.0,5999.0,Super Deals,81
66,GOBOULT,(formerly,"Boult) Drift Max 2.01''HD Screen,BT C...",Pure Black Strap,2.01, Free Size,1499.0,7999.0,Bank Offer,81
67,Fire-Boltt,Rise,"Bluetooth Calling 47mm (1.85), Metal Bo...",Gold Black Strap,1.85, Free Size,1099.0,11999.0,Super Deals,90
68,GameSir,I8,Pink-A1 Full Screen Touch Watch Specially Ma...,Pink Strap,nan, 1.75 Inch Full Screen Display Notifications smartwatch,628.0,1999.0,Bank Offer,68
69,Fire-Boltt,Hurricane,33.02mm (1.3) Curved Glass Display...,Black Strap,1.3, Free Size,1399.0,8999.0,Bank Offer,84
70,Fire-Boltt,Ninja,Talk 35.3mm (1.39) Round Bluetooth Cal...,White Classic Strap,1.39, Free Size,1888.0,11999.0,Bank Offer,84
71,GameSir,I8,Pro Smart Watch Series 8 with multiple Featu...,Black Strap,nan, 1.75 Inch Full Screen Display,630.0,2999.0,Super Deals,78
72,Noise,Evolve,4 1.46 AMOLED Always On Display with Premi...,Elite Balck Strap,nan, Regular,2799.0,8999.0,Super Deals,68
73,Noise,Icon,"4 with Stunning 1.96'' AMOLED Display, Metal...",Midnight Gold Strap,1.96, Regular,1699.0,6999.0,Super Deals,75
74,Fire-Boltt,Hurricane,33.02mm (1.3) Curved Glass Display...,Gold Black Strap,1.3, Free Size,1499.0,8999.0,Bank Offer,83
75,Noise,Icon,"2 2025 - 1.81"" Display, 500 NITS BrightnessB...",Jet Black Strap,1.81, Regular,1098.0,5999.0,Super Deals,81
76,Fire-Boltt,Brillia,Pro 51.3mm (2.02) Largest AMOLED Dis...,Champagne Chain Strap,2.02, Free Size,1849.0,18999.0,Super Deals,90
77,Fire-Boltt,Nnja,Talk 35.3mm (1.39) Round Bluetooth Call...,Pink Strap,1.39," 1.39""",1299.0,11999.0,Bank Offer,89
78,Satyam,TRADERS,T800 Ultra Smart Watch & Wireless Charge...,Black Strap,nan, Free Size,492.0,2999.0,Hot Deal,83
79,Fastrack,Revoltt,FS2+|2.01'' Display|Functional Crown|B...,Green Strap,2.01, Free Size,1549.0,2995.0,Hot Deal,48
80,GOBOULT,(formerly,"Boult) Crown 1.95"" Screen, BT Calling...",Black Strap,1.95, Free Size,1099.0,4499.0,Super Deals,75
81,Fire-Boltt,Ninja,Calling Pro Plus 46.5mm (1.83) Display...,Cinnamon Slate Strap,1.83, Free Size,1049.0,9999.0,Super Deals,89
82,REDMI,Watch,"Move 1.85 Premium AmoLED,14 Day Battery,Bes...",Black Drift Strap,nan, Free Size,1999.0,3999.0,Bank Offer,50
83,Fire-Boltt,Oracle,"WristPhone - 4G SIM/LTE/WiFi, Android...",Marine Mirage Strap,nan, Free Size,2699.0,24999.0,Super Deals,89
84,Noise,Pulse,"3 1.96'' Display, BT Calling, 100 Sports Mo...",Midnight Black Strap,1.96, Regular,1199.0,6999.0,Bank Offer,82
85,Fire-Boltt,Hunter,51.1mm (2.01) HD Display Bluetooth Ca...,Grey Strap,2.01, Free Size,1499.0,14999.0,Bank Offer,90
86,GOBOULT,(formerly,"Boult) Rover Pro 1.43'' AMOLED, BT Ca...",Ash Black Strap,1.43, Free Size,1599.0,9999.0,Super Deals,84
87,GOBOULT,(formerly,"Boult) Dire 1.38"" 2.5D HD Display, 50...",Black Strap,1.38, Free Size,1099.0,4999.0,Bank Offer,78
88,Yash,Enterprises,T800 ultra Full screen Smart Watch Ser...,Black Strap,nan, Free Size,455.0,4015.0,Lowest price in the year,88
89,Fire-Boltt,Clickk,"54.1mm (2.13 inch) AMOLED Display, Fr...",Ashfire Grey Strap,2.13, Free Size,3199.0,24999.0,Super Deals,87
90,Fire-Boltt,Hurricane,33.02mm (1.3) Curved Glass Display...,Grey Strap,1.3, Free Size,1499.0,8999.0,Bank Offer,83
91,GOBOULT,(formerly,"Boult) Drift BT Calling HD Display, 1...",Sand Black Strap,nan, Free Size,1099.0,7999.0,Bank Offer,86
92,Noise,Vision,"3 with 1.96"" AMOLED display with Thin Beze...",Black Strap,1.96, Regular,2199.0,7999.0,Super Deals,72
93,Fastrack,Pro,"with 1.43"" AMOLED Display & AOD(466x466),F...",Black Strap,1.43, Free Size,2895.0,5995.0,Hot Deal,51
94,Noise,Crew,"1.38 Round Display with Bluetooth Calling, M...",Green Strap,nan, Regular,1299.0,4999.0,Super Deals,74
95,Noise,Vortex,"Plus, 1.46'' AMOLED Display, BT Calling, S...",Silver Link Strap,1.46, Regular,2299.0,6999.0,Super Deals,67
96,Fire-Boltt,Rise,"Luxe Bluetooth Calling 47mm (1.85), Met...",Rose Gold Millanese Strap,1.85, Free Size,1149.0,12999.0,Super Deals,91
97,Fire-Boltt,Brillia,51.3mm (2.06 inch) Largest AMOLED Di...,Champagne Strap,2.06, Free Size,1749.0,18999.0,Super Deals,90
98,Noise,Twist,"2,1.43''AMOLED Display, AI Search & Voice A...",Jet Black Strap,1.43, Regular,2198.0,6999.0,Super Deals,68
99,CMF,by,"Nothing Watch Pro 2, 1.32"" AMOLED, auto-brightne...",Dark Grey Strap,1.32, Free Size,4999.0,5499.0,Upto ₹300 Off on Exchange,9
100,Fire-Boltt,Ninja,Talk 35.3mm (1.39) Round Bluetooth Cal...,Gold SS Strap,1.39, 1.39,1349.0,11999.0,Super Deals,88
101,GOBOULT,(formerly,"Boult) Drift BT Calling HD Display, 1...",Beige Strap,nan, Free Size,1099.0,7999.0,Bank Offer,86
102,Fire-Boltt,Brillia,51.3mm (2.06 inch) Largest AMOLED Di...,Dark Grey Strap,2.06, Free Size,1749.0,18999.0,Super Deals,90
103,Cellecor,E5,"Connect 2.01"" IPS HD Display | 700 NITS | B...",Black Strap,2.01, Free Size,999.0,3999.0,Super Deals,75
104,Noise,Colorfit,Icon 2 1.8'' Display with Bluetooth Call...,Green Strap,1.8, Regular,1199.0,5999.0,Super Deals,80
105,Fire-Boltt,Rise,"Luxe Stainless Steel Luxury, 47mm (1.85...",Black Strap,1.85, Free Size,1699.0,14999.0,Only 3 left,88
106,GOBOULT,(formerly,"Boult) Drift Max 2.01''HD Screen,BT C...",Pure Black Strap,2.01, Free Size,1499.0,7999.0,Bank Offer,81
107,Fire-Boltt,Rise,"Bluetooth Calling 47mm (1.85), Metal Bo...",Gold Black Strap,1.85, Free Size,1099.0,11999.0,Super Deals,90
108,CMF,by,"Nothing Watch Pro, 1.96 AMOLED display, BT calli...",Dark Grey Strap,nan, Free Size,4534.0,5999.0,Upto ₹300 Off on Exchange,24
109,Fastrack,FS1-1.83''|BT,Calling|Fast Charge|110+ Sports ...,Blue Strap,1.83, Free Size,1449.0,3995.0,Hot Deal,63
110,Fire-Boltt,Ninja,Talk 35.3mm (1.39) Round Bluetooth Cal...,White Classic Strap,1.39, Free Size,1888.0,11999.0,Bank Offer,84
111,GameSir,I8,Pro Smart Watch Series 8 with multiple Featu...,Black Strap,nan, 1.75 Inch Full Screen Display,630.0,2999.0,Super Deals,78
112,Fire-Boltt,Clickk,"54.1mm (2.12 inch) AMOLED Display, Fr...",Dark Knight Black Strap,2.12, Free Size,3199.0,24999.0,Super Deals,87
113,Noise,Evolve,4 1.46 AMOLED Always On Display with Premi...,Statement Black Strap,nan, Regular,2599.0,7999.0,Super Deals,67
114,Fastrack,FS1,"Pro|World's First,1.96"" Super AMOLED|Highe...",Blue Strap,1.96, Free Size,2595.0,7995.0,Hot Deal,67
115,boAt,Storm,"Infinity, 15 Days Huge Battery(550 mAh), Fas...",Jade Gold Strap,1.83, Free Size,1299.0,5999.0,Super Deals,78
116,Fire-Boltt,Brillia,Pro 51.3mm (2.02) Largest AMOLED Dis...,Champagne Chain Strap,2.02, Free Size,1849.0,18999.0,Super Deals,90
117,Fire-Boltt,Nnja,Talk 35.3mm (1.39) Round Bluetooth Call...,Pink Strap,1.39," 1.39""",1299.0,11999.0,Bank Offer,89
118,Fastrack,Revolt,Pro-1.97'' Super AMOLED Display|AOD|Wor...,Blue Strap,1.97, Free Size,2399.0,4999.0,Hot Deal,52
119,Noise,Crew,"Go with 1.39"" Display, BT Calling with Metal...",Elite Silver Strap,1.39, Regular,1799.0,5999.0,Bank Offer,70
120,GOBOULT,(formerly,"Boult) Crown 1.95"" Screen, BT Calling...",Black Strap,1.95, Free Size,1099.0,4499.0,Super Deals,75
121,Noise,Colorfit,Icon 2 1.8'' Display with Bluetooth Call...,Jet Black Strap,1.8, Regular,1099.0,5999.0,Super Deals,81
122,Noise,Evolve,4 1.46 AMOLED Always On Display with Premi...,Electric Blue Strap,nan, Regular,2599.0,7999.0,Super Deals,67
123,boAt,Lunar,"Discovery Pro, 1.39'' HD Display, QR Tray, E...",Active Blue Strap,1.39, Free Size,1399.0,8999.0,Super Deals,84
124,boAt,Wave,"Fury with 1.83'' HD Display, Bluetooth Callin...",Green Strap,1.83, Free Size,1298.0,6999.0,Bank Offer,81
125,Fire-Boltt,Axiom,"1.43"" AMOLED Display Smartwatch BT Cal...",Silver White Strap,1.43, Free Size,2699.0,18999.0,Super Deals,85
126,GOBOULT,(formerly,"Boult) Drift+ 1.85"" ,BT Calling, 500N...",Jet Black Strap,1.85, Free Size,999.0,8499.0,Super Deals,88
127,GOBOULT,(formerly,"Boult) Rover Pro 1.43'' AMOLED, BT Ca...",Ash Black Strap,1.43, Free Size,1599.0,9999.0,Super Deals,84
128,Noise,Twist,"Go 1.39'' Display, Bluetooth Calling, Metal...",Silver Grey Strap,1.39, Regular,1498.0,4999.0,Bank Offer,70
129,Fire-Boltt,Rise,"Bluetooth Calling 47mm (1.85), Metal Bo...",Grey Strap,1.85, Free Size,1599.0,11999.0,Bank Offer,86
130,GOBOULT,(formerly,"Boult) Dire 1.38"" 2.5D HD Display, 50...",Black Strap,1.38, Free Size,1099.0,4999.0,Bank Offer,78
131,GOBOULT,(formerly,"Boult) Drift BT Calling HD Display, 1...",Sand Black Strap,nan, Free Size,1099.0,7999.0,Bank Offer,86
132,boAt,Ultima,"Prime w/ 1.43""(3.68cm)AMOLED Display,Person...",Steel Black Strap,1.43, Free Size,2199.0,9499.0,Super Deals,76
133,Fastrack,FS1-1.83''|BT,Calling|Fast Charge|110+ Sports ...,Blue Strap,1.83, Free Size,1449.0,3995.0,Hot Deal,63
134,Fire-Boltt,Brillia,51.3mm (2.06 inch) Largest AMOLED Di...,Champagne Strap,2.06, Free Size,1749.0,18999.0,Super Deals,90
135,Noise,Icon,"Buzz 1.69"" Display with Bluetooth Calling, B...",Jet Black Strap,1.69, Regular,1199.0,4999.0,Only few left,76
136,Fire-Boltt,Ninja,Talk 35.3mm (1.39) Round Bluetooth Cal...,Gold SS Strap,1.39, 1.39,1349.0,11999.0,Super Deals,88
137,GOBOULT,(formerly,"Boult) Drift Max 2.01''HD Screen,BT C...",Pure Black Strap,2.01, Free Size,1499.0,7999.0,Bank Offer,81
138,Fastrack,Revoltt,FS1-1.83''|BT Calling|Fast Charge|110+...,Black Strap,1.83, Free Size,1599.0,3995.0,Bank Offer,59
139,GameSir,H9,Pink-A1 Full Screen Touch Watch Specially Ma...,Pink Strap,nan, 2.01 Inch Full Screen Display,803.0,3999.0,Super Deals,79
140,GOBOULT,(formerly,"Boult) Drift BT Calling HD Display, 1...",Beige Strap,nan, Free Size,1099.0,7999.0,Bank Offer,86
141,Noise,Colorfit,Icon 2 1.8'' Display with Bluetooth Call...,Midnight Blue Strap,1.8, Regular,1099.0,5999.0,Super Deals,81
142,REDMI,Watch,"Move 1.85 Premium AmoLED,14 Day Battery,Bes...",Blue Blaze Strap,nan, Free Size,1999.0,3999.0,Bank Offer,50
143,Fire-Boltt,Axiom,"1.43"" AMOLED Display Smartwatch BT Cal...",Black Strap,1.43, Free Size,2699.0,18999.0,Super Deals,85
144,GOBOULT,(formerly,"Boult) Drift+ 1.85"" ,BT Calling, 500N...",Black Coffee Strap,1.85, Free Size,999.0,8499.0,Super Deals,88
145,GARMIN,Vivoactive,"5, Black (A04724) Smartwatch",Bezel & Black Strap,nan, Free Size,24990.0,34990.0,Super Deals,28
146,Fire-Boltt,Oracle,"-, , Play store & Phone Notification ...",Orange Horon Strap,nan, Free Size,2699.0,24999.0,Super Deals,89
147,Fire-Boltt,Ninja,Talk 35.3mm (1.39) Round Bluetooth Cal...,White Classic Strap,1.39, Free Size,1888.0,11999.0,Bank Offer,84
148,Noise,Icon,"4 with Stunning 1.96'' AMOLED Display, Metal...",Deep Wine Strap,1.96, Regular,1699.0,6999.0,Bank Offer,75
149,Fastrack,Pro-1.97'',Super AMOLED Display|AOD|Working Cr...,Black Strap,1.97, Free Size,2532.0,4999.0,Bank Offer,49
150,Fire-Boltt,Rise,"Bluetooth Calling 47mm (1.85), Metal Bo...",Gold Black Strap,1.85, Free Size,1099.0,11999.0,Super Deals,90
151,GameSir,I8,Pro Smart Watch Series 8 with multiple Featu...,Black Strap,nan, 1.75 Inch Full Screen Display,630.0,2999.0,Super Deals,78
152,Google,Pixel,"Watch 3 (45 mm), AMOLED LTPO display, Adva...",Porcelain Strap,45 mm, Free Size,29990.0,43900.0,Super Deals,31
153,Cellecor,STEW,"1.83"" BT Calling, 500 NITS, AI Voice Assi...",Pink Strap,1.83, Free Size,1099.0,3999.0,Bank Offer,72
154,Apple,Watch,Series 10 GPS + Cellular 46mm Jet Black Alu...,Ink Strap,46 mm, Free Size,48831.0,59900.0,Only 1 left,18
155,Noise,Halo,"2 1.43"" AMOLED, Rotating Axe-Cut Bezel, Stai...",Elite Black Strap,1.43, Regular,4849.0,6999.0,Super Deals,30
156,Fire-Boltt,Brillia,51.3mm (2.06 inch) Largest AMOLED Di...,Dark Grey Strap,2.06, Free Size,1749.0,18999.0,Super Deals,90
157,Fire-Boltt,Nnja,Talk 35.3mm (1.39) Round Bluetooth Call...,Pink Strap,1.39," 1.39""",1299.0,11999.0,Bank Offer,89
158,boAt,Lunar,"Discovery w/ Turn by Turn Navigation, 3.53 c...",Brown Strap,nan, Free Size,1499.0,8499.0,Bank Offer,82
159,GOBOULT,(formerly,"Boult) Mirage 1.39"" Screen, Working C...",Coal Black Strap,1.39, Free Size,1799.0,4999.0,Bank Offer,64
160,GOBOULT,(formerly,"Boult) Crown 1.95"" Screen, BT Calling...",Black Strap,1.95, Free Size,1099.0,4499.0,Super Deals,75
161,Fire-Boltt,Ninja,Calling Pro Plus 46.5mm (1.83) Display...,Cinnamon Slate Strap,1.83, Free Size,1049.0,9999.0,Super Deals,89
162,boAt,Ultima,"Prime w/ 1.43""(3.68cm)AMOLED Display,Person...",Onyx Black Strap,1.43, Free Size,1999.0,8999.0,Super Deals,77
163,GOBOULT,(formerly,"Boult) Mirage 1.39"" Screen, Working C...",Amber Blue Strap,1.39, Free Size,1799.0,4999.0,Bank Offer,64
164,Noise,Force,"2 Sporty Rugged, 1.39"" TruView Display, BT ...",Forest Green Strap,1.39, Regular,1799.0,4999.0,Super Deals,64
165,Noise,Vision,"3 with 1.96"" AMOLED display with Thin Beze...",Jet Black Elite Edition Strap,1.96, Regular,2498.0,7999.0,Super Deals,68
166,GOBOULT,(formerly,"Boult) Rover Pro 1.43'' AMOLED, BT Ca...",Ash Black Strap,1.43, Free Size,1599.0,9999.0,Super Deals,84
167,GOBOULT,(formerly,"Boult) Dire 1.38"" 2.5D HD Display, 50...",Black Strap,1.38, Free Size,1099.0,4999.0,Bank Offer,78
168,Fastrack,Revoltt,FS2+|2.01'' Display|Functional Crown|B...,Black Strap,2.01, Free Size,1699.0,2995.0,Bank Offer,43
169,CMF,by,"Nothing Watch Pro 2, 1.32"" AMOLED, auto-brightne...",Dark Grey Strap,1.32, Free Size,4999.0,5499.0,Upto ₹300 Off on Exchange,9
170,Fire-Boltt,Hurricane,33.02mm (1.3) Curved Glass Display...,Grey Strap,1.3, Free Size,1499.0,8999.0,Bank Offer,83
171,GOBOULT,(formerly,"Boult) Drift BT Calling HD Display, 1...",Sand Black Strap,nan, Free Size,1099.0,7999.0,Bank Offer,86
172,GOBOULT,(formerly,"Boult) Rover Pro 1.43'' AMOLED, BT Ca...",Coal Black Strap,1.43, Free Size,1799.0,10999.0,Bank Offer,83
173,CMF,by,"Nothing Watch Pro 2, 1.32"" AMOLED, auto-brightne...",Blue Strap,1.32, Free Size,4599.0,5999.0,Upto ₹300 Off on Exchange,23
174,Noise,Force,"2 Sporty Rugged, 1.39"" TruView Display, BT ...",Mist Grey Strap,1.39, Regular,1799.0,4999.0,Super Deals,64
175,CMF,by,"Nothing Watch Pro 2, 1.32"" AMOLED, auto-brightne...",Orange Strap,1.32, Free Size,4799.0,5999.0,Upto ₹300 Off on Exchange,20
176,Fire-Boltt,Rise,"Luxe Bluetooth Calling 47mm (1.85), Met...",Rose Gold Millanese Strap,1.85, Free Size,1149.0,12999.0,Super Deals,91
177,Fire-Boltt,Brillia,51.3mm (2.06 inch) Largest AMOLED Di...,Champagne Strap,2.06, Free Size,1749.0,18999.0,Super Deals,90
178,boAt,Chrome,"Horizon, 1.51''(3.83cm) AMOLED Display, Vid...",Steel Black Strap,1.51, Free Size,3598.0,9499.0,Bank Offer,62
179,Fastrack,Revoltt,Classic-1.83''|Metal Design|Working Cr...,Black Strap,1.83, Free Size,2312.0,3999.0,Bank Offer,42
180,Fire-Boltt,Ninja,Talk 35.3mm (1.39) Round Bluetooth Cal...,Gold SS Strap,1.39, 1.39,1349.0,11999.0,Super Deals,88
181,GOBOULT,(formerly,"Boult) Drift BT Calling HD Display, 1...",Beige Strap,nan, Free Size,1099.0,7999.0,Bank Offer,86
182,Noise,Icon,"4 with Stunning 1.96'' AMOLED Display, Metal...",Deep Wine Strap,1.96, Regular,1699.0,6999.0,Bank Offer,75
183,Fire-Boltt,Axiom,"1.43"" AMOLED Display Smartwatch BT Cal...",Black Strap,1.43, Free Size,2699.0,18999.0,Super Deals,85
184,Fastrack,Revoltt,Classic 1.91 HD Display|700 Nits|Funct...,Black Strap,nan, Free Size,2399.0,5995.0,Super Deals,59
185,Noise,Icon,"4 with Stunning 1.96'' AMOLED Display, Metal...",Rose Pink Strap,1.96, Regular,1699.0,6999.0,Super Deals,75
186,GOBOULT,(formerly,"Boult) Drift Max 2.01''HD Screen,BT C...",Pure Black Strap,2.01, Free Size,1499.0,7999.0,Bank Offer,81
187,Fire-Boltt,Rise,"Bluetooth Calling 47mm (1.85), Metal Bo...",Gold Black Strap,1.85, Free Size,1099.0,11999.0,Super Deals,90
188,boAt,Wave,"Fury with 1.83'' HD Display, Bluetooth Callin...",Active Black Strap,1.83, Free Size,1199.0,6999.0,Bank Offer,82
189,Noise,Crew,"Go with 1.39"" Display, BT Calling with Metal...",Black Link Strap,1.39, Regular,1699.0,4999.0,Bank Offer,66
190,Fire-Boltt,Ninja,Talk 35.3mm (1.39) Round Bluetooth Cal...,White Classic Strap,1.39, Free Size,1888.0,11999.0,Bank Offer,84
191,GameSir,I8,Pro Smart Watch Series 8 with multiple Featu...,Black Strap,nan, 1.75 Inch Full Screen Display,630.0,2999.0,Super Deals,78
192,Noise,Icon,2 Elite Edition 1.8'' Display with Metallic ...,Elite Black Strap,1.8, Regular,1399.0,6999.0,Super Deals,80
193,Fire-Boltt,Rise,"Luxe Stainless Steel Luxury, 47mm (1.85...",Silver C Strap,1.85, Free Size,1699.0,14999.0,Bank Offer,88
194,Fire-Boltt,Ninja,Talk 35.3mm (1.39) Round Bluetooth Cal...,Gold Steel Strap,1.39, 1.39,1149.0,11999.0,Super Deals,90
195,GOBOULT,(formerly,"Boult) Crown 1.95"" Screen, BT Calling...",Silver Strap,1.95, Free Size,1198.0,4499.0,Super Deals,73
196,Fire-Boltt,Brillia,Pro 51.3mm (2.02) Largest AMOLED Dis...,Champagne Chain Strap,2.02, Free Size,1849.0,18999.0,Super Deals,90
197,Fire-Boltt,Nnja,Talk 35.3mm (1.39) Round Bluetooth Call...,Pink Strap,1.39," 1.39""",1299.0,11999.0,Bank Offer,89
198,Fastrack,Revoltt,FS1-1.85''|Advanced Blazing Fast UI|Wo...,Blue Strap,1.85, Free Size,1449.0,3799.0,Hot Deal,61
199,Fastrack,FS1-1.85''|Advanced,Blazing Fast UI|Working Cr...,Green Strap,1.85, Free Size,1599.0,3799.0,Bank Offer,57
200,GOBOULT,(formerly,"Boult) Crown 1.95"" Screen, BT Calling...",Black Strap,1.95, Free Size,1099.0,4499.0,Super Deals,75
201,Fire-Boltt,Ninja,Calling Pro Plus 46.5mm (1.83) Display...,Cinnamon Slate Strap,1.83, Free Size,1049.0,9999.0,Super Deals,89
202,Fire-Boltt,Ninja,Talk 35.3mm (1.39) Round Bluetooth Cal...,Gunmetal Grey Strap,1.39, Free Size,1349.0,11999.0,Super Deals,88
203,boAt,Storm,"Call 3 Plus w/ Turn by Turn Navigation, QR T...",Dark Blue Strap,1.96, Free Size,1349.0,7499.0,Super Deals,82
204,Fastrack,Revoltt,Pro-1.97'' Super AMOLED Display|AOD|Wo...,Beige Strap,1.97, Free Size,2399.0,4999.0,Hot Deal,52
205,GameSir,T800,Ultra Metal Silver Smartwatch with Bluetoo...,Silver Metal Strap,nan, Free Size,771.0,3999.0,Bank Offer,80
206,GOBOULT,(formerly,"Boult) Rover Pro 1.43'' AMOLED, BT Ca...",Ash Black Strap,1.43, Free Size,1599.0,9999.0,Super Deals,84
207,GOBOULT,(formerly,"Boult) Dire 1.38"" 2.5D HD Display, 50...",Black Strap,1.38, Free Size,1099.0,4999.0,Bank Offer,78
208,boAt,Lunar,"Discovery w/ Turn by Turn Navigation, 3.53 c...",Mint Green Strap,nan, Free Size,1499.0,8499.0,Bank Offer,82
209,GOBOULT,(formerly,"Boult) Dire 1.38"" 2.5D HD Display, 50...",Blue Strap,1.38, Free Size,1099.0,4999.0,Bank Offer,78
210,Fire-Boltt,Hurricane,33.02mm (1.3) Curved Glass Display...,Grey Strap,1.3, Free Size,1499.0,8999.0,Bank Offer,83
211,GOBOULT,(formerly,"Boult) Drift BT Calling HD Display, 1...",Sand Black Strap,nan, Free Size,1099.0,7999.0,Bank Offer,86
212,Noise,Colorfit,Icon 2 1.8'' Display with Bluetooth Call...,Midnight Gold Strap,1.8, Regular,1199.0,5999.0,Super Deals,80
213,Google,Pixel,"Watch 3 (45 mm), display, Advanced motion ...",Obsidian Strap,45 mm, Free Size,29990.0,43900.0,Super Deals,31
214,Fire-Boltt,Talk,35.3mm (1.39) Bluetooth Calling with Sp...,Deep Blue Strap,1.39, L,1099.0,9999.0,Super Deals,89
215,Fastrack,Revoltt,FS1-1.83''|BT Calling|Fast Charge|110+...,Blue Strap,1.83, Free Size,1599.0,3995.0,Only few left,59
216,Fire-Boltt,Rise,"Luxe Bluetooth Calling 47mm (1.85), Met...",Rose Gold Millanese Strap,1.85, Free Size,1149.0,12999.0,Super Deals,91
217,Fire-Boltt,Brillia,51.3mm (2.06 inch) Largest AMOLED Di...,Champagne Strap,2.06, Free Size,1749.0,18999.0,Super Deals,90
218,boAt,Lunar,"Discovery/ Turn by Turn Navigation, 3.53 cm ...",Active Blue Strap,nan, Free Size,1499.0,8499.0,Bank Offer,82
219,Fastrack,Revoltt,FR2-1.38''|Advanced Blazing Fast UI|Wo...,Black Strap,1.38, Free Size,1699.0,3999.0,Bank Offer,57
220,Fire-Boltt,Ninja,Talk 35.3mm (1.39) Round Bluetooth Cal...,Gold SS Strap,1.39, 1.39,1349.0,11999.0,Super Deals,88
221,GOBOULT,(formerly,"Boult) Drift BT Calling HD Display, 1...",Beige Strap,nan, Free Size,1099.0,7999.0,Bank Offer,86
222,Noise,Crew,"1.38 Round Display with Bluetooth Calling, M...",Grey Strap,nan, Regular,1299.0,4999.0,Super Deals,74
223,boAt,Ultima,"Prime w/ 1.43""(3.68cm)AMOLED Display,Person...",Steel Black Strap,1.43, Free Size,2199.0,9499.0,Super Deals,76
224,Fastrack,Revoltt,FS1-1.83''|BT Calling|Fast Charge|110+...,Teal Strap,1.83, Free Size,1599.0,3995.0,Bank Offer,59
225,Google,Pixel,"Watch 3 (45 mm), AMOLED LTPO display, Adva...",Porcelain Strap,45 mm, Free Size,29990.0,43900.0,Super Deals,31
226,GOBOULT,(formerly,"Boult) Drift Max 2.01''HD Screen,BT C...",Pure Black Strap,2.01, Free Size,1499.0,7999.0,Bank Offer,81
227,Fire-Boltt,Rise,"Bluetooth Calling 47mm (1.85), Metal Bo...",Gold Black Strap,1.85, Free Size,1099.0,11999.0,Super Deals,90
228,Samsung,Watch6,Bluetooth,Silver Strap,nan, 44mm,12499.0,36999.0,Super Deals,66
229,GameSir,I8,Pro Smart Watch Series 8 with multiple Featu...,Black Strap,nan, 1.75 Inch Full Screen Display,630.0,2999.0,Super Deals,78
230,Fire-Boltt,Ninja,Talk 35.3mm (1.39) Round Bluetooth Cal...,White Classic Strap,1.39, Free Size,1888.0,11999.0,Bank Offer,84
231,Fire-Boltt,Brillia,Pro 51.3mm (2.02) Largest AMOLED Dis...,Champagne Chain Strap,2.02, Free Size,1849.0,18999.0,Super Deals,90
232,CMF,by,"Nothing Watch Pro, 1.96 AMOLED,BT calling with A...",Silver Strap,nan, Free Size,4349.0,5999.0,Super Deals,27
233,boAt,Storm,"Infinity, 15 Days Huge Battery(550 mAh), Fas...",Jade Gold Strap,1.83, Free Size,1299.0,5999.0,Super Deals,78
234,GARMIN,Forerunner,165 Black (A04714) Smartwatch,Black & Salte Gray Strap,nan, Free Size,25990.0,26990.0,Only few left,3
235,Noise,Halo,"2 1.43"" AMOLED, Rotating Axe-Cut Bezel, Stai...",Vintage Brown Strap,1.43, Regular,4349.0,6999.0,Super Deals,37
236,Fire-Boltt,Nnja,Talk 35.3mm (1.39) Round Bluetooth Call...,Pink Strap,1.39," 1.39""",1299.0,11999.0,Bank Offer,89
237,Fire-Boltt,Brillia,51.3mm (2.06 inch) Largest AMOLED Di...,Dark Grey Strap,2.06, Free Size,1749.0,18999.0,Super Deals,90
238,Fastrack,Optimus,"Pro with 1.43"" AMOLED Display & AOD(46...",Beige Strap,1.43, Free Size,2895.0,5995.0,Hot Deal,51
239,Fastrack,FS1-1.83''|BT,Calling|Fast Charge|110+ Sports ...,Teal Strap,1.83, Free Size,1575.0,3995.0,Bank Offer,60
240,GOBOULT,(formerly,"Boult) Crown 1.95"" Screen, BT Calling...",Black Strap,1.95, Free Size,1099.0,4499.0,Super Deals,75
241,Fire-Boltt,Ninja,Calling Pro Plus 46.5mm (1.83) Display...,Cinnamon Slate Strap,1.83, Free Size,1049.0,9999.0,Super Deals,89
242,Fastrack,Revoltt,X2 with 1.91'' BT Calling|Rotating Cro...,Black Strap,1.91, Free Size,1598.0,2995.0,Hot Deal,46
243,Fire-Boltt,Talk,35.3mm (1.39) Bluetooth Calling with Sp...,Milange Grey Strap,1.39, 46,1299.0,9999.0,Bank Offer,87
244,Noise,Evolve,4 Metal Edition with 1.46 inch AMOLED Disp...,Elite Silver Strap,1.46, Regular,2799.0,8999.0,Super Deals,68
245,Fire-Boltt,Ring,X 2.01inch HD | Always-On Display | Met...,Black S Strap,2.01, Free Size,1449.0,9999.0,Super Deals,85
246,GOBOULT,(formerly,"Boult) Rover Pro 1.43'' AMOLED, BT Ca...",Ash Black Strap,1.43, Free Size,1599.0,9999.0,Super Deals,84
247,GOBOULT,(formerly,"Boult) Dire 1.38"" 2.5D HD Display, 50...",Black Strap,1.38, Free Size,1099.0,4999.0,Bank Offer,78
248,Fire-Boltt,Brillia,Pro 51.3mm (2.02) Largest AMOLED Dis...,Blue Mesh Strap,2.02, Free Size,1849.0,18999.0,Super Deals,90
249,Fastrack,FS1,"Pro|World's First,1.96"" Super AMOLED|Highe...",Green Strap,1.96, Free Size,2795.0,7995.0,Super Deals,65
250,Fire-Boltt,Hurricane,33.02mm (1.3) Curved Glass Display...,Grey Strap,1.3, Free Size,1499.0,8999.0,Bank Offer,83
251,GOBOULT,(formerly,"Boult) Drift BT Calling HD Display, 1...",Sand Black Strap,nan, Free Size,1099.0,7999.0,Bank Offer,86
252,Fire-Boltt,Ninja,Talk 35.3mm (1.39) Round Bluetooth Cal...,Black Classic Strap,1.39, Free Size,1049.0,11999.0,Super Deals,91
253,Noise,Crew,"1.38 Round Display with Bluetooth Calling, M...",Green Strap,nan, Regular,1299.0,4999.0,Super Deals,74
254,PunnkFunnk,T800,ultra Series 8 smart watch with AI assi...,Grey Strap,nan, 1.99 Inch Large Sunlight Proof Display,619.0,2999.0,Super Deals,79
255,GameSir,Silver,"T800 Ultra Smartwatch Stainless Steel, B...",Silver Metal Strap,nan, Free Size,771.0,3999.0,Bank Offer,80
256,Fire-Boltt,Rise,"Luxe Bluetooth Calling 47mm (1.85), Met...",Rose Gold Millanese Strap,1.85, Free Size,1149.0,12999.0,Super Deals,91
257,Fire-Boltt,Brillia,51.3mm (2.06 inch) Largest AMOLED Di...,Champagne Strap,2.06, Free Size,1749.0,18999.0,Super Deals,90
258,Fastrack,|Super,AMOLED|n's Smartwatch,Black Strap,nan, Free Size,6245.0,9495.0,Hot Deal,34
259,Noise,Endeavour,"2,1.46 AMOLED, Built-in GPS, ABC Sensor...",Jet Black Strap,nan, Regular,6399.0,7999.0,Bank Offer,20
260,Fire-Boltt,Ninja,Talk 35.3mm (1.39) Round Bluetooth Cal...,Gold SS Strap,1.39, 1.39,1349.0,11999.0,Super Deals,88
261,GOBOULT,(formerly,"Boult) Drift BT Calling HD Display, 1...",Beige Strap,nan, Free Size,1099.0,7999.0,Bank Offer,86
262,boAt,Storm,"Infinity, 15 Days Huge Battery(550 mAh), Fas...",Brown Strap,1.83, Free Size,1299.0,5999.0,Super Deals,78
263,Noise,Icon,"5 with AI Watch Faces, AI Search, 1.95"" AMOL...",Jet Black Strap,1.95, Regular,1998.0,6999.0,Upto ₹300 Off on Exchange,71
264,Fire-Boltt,Ninja,Talk 35.3mm (1.39) Round Bluetooth Cal...,Silver Steel Strap,1.39, 1.39,1149.0,11999.0,Super Deals,90
265,Samsung,Galaxy,Watch6 Bluetooth,Graphite Strap,nan, 44mm,12498.0,36990.0,Super Deals,66
266,GOBOULT,(formerly,"Boult) Drift Max 2.01''HD Screen,BT C...",Pure Black Strap,2.01, Free Size,1499.0,7999.0,Bank Offer,81
267,Fire-Boltt,Rise,"Bluetooth Calling 47mm (1.85), Metal Bo...",Gold Black Strap,1.85, Free Size,1099.0,11999.0,Super Deals,90
268,Fastrack,Revoltt,FS2+|2.01'' Display|Functional Crown|B...,Blue Strap,2.01, Free Size,1699.0,2995.0,Bank Offer,43
269,Noise,Icon,"5 with AI Watch Faces, AI Search, 1.95"" AMOL...",Space Blue Strap,1.95, Regular,1998.0,6999.0,Upto ₹300 Off on Exchange,71
270,Fire-Boltt,Ninja,Talk 35.3mm (1.39) Round Bluetooth Cal...,White Classic Strap,1.39, Free Size,1888.0,11999.0,Bank Offer,84
271,GameSir,I8,Pro Smart Watch Series 8 with multiple Featu...,Black Strap,nan, 1.75 Inch Full Screen Display,630.0,2999.0,Super Deals,78
272,GOBOULT,(formerly,"Boult) Mirage 1.39"" Screen, Working C...",Inox Steel Strap,1.39, Free Size,1799.0,4999.0,Bank Offer,64
273,GOBOULT,(formerly,"Boult) Drift+ 1.85"" ,BT Calling, 500N...",Peach fuzz Strap,1.85, Free Size,1099.0,8499.0,Bank Offer,87
274,Fire-Boltt,Rise,"Luxe Stainless Steel Luxury, 47mm (1.85...",Black Strap,1.85, Free Size,1699.0,14999.0,Bank Offer,88
275,Samsung,Galaxy,Watch Ultra 2025,Blue Strap,nan, Large,59999.0,69999.0,Bank Offer,14
276,Fire-Boltt,Brillia,Pro 51.3mm (2.02) Largest AMOLED Dis...,Champagne Chain Strap,2.02, Free Size,1849.0,18999.0,Super Deals,90
277,Fire-Boltt,Nnja,Talk 35.3mm (1.39) Round Bluetooth Call...,Pink Strap,1.39," 1.39""",1299.0,11999.0,Bank Offer,89
278,Nervfit,Vibe,"1.85"" TrueColor+ Super HD, BT Calls, Water...",Midnight Black Strap,1.85, Free size,1549.0,7999.0,Bank Offer,80
279,Google,Pixel,Watch 4 Smartwatch,Obsidian Strap,nan, Free Size,43900.0,4499.0,Bank Offer,78
280,GOBOULT,(formerly,"Boult) Crown 1.95"" Screen, BT Calling...",Black Strap,1.95, Free Size,1099.0,5999.0,Super Deals,75
281,Noise,Colorfit,Icon 2 1.8'' Display with Bluetooth Call...,Jet Black Strap,1.8, Regular,1099.0,11999.0,Super Deals,81
282,Fire-Boltt,Ninja,Talk 35.3mm (1.39) Round Bluetooth Cal...,Black Classic Strap,1.39, Free Size,1049.0,14999.0,Super Deals,91
283,Fire-Boltt,Hunter,51.1mm (2.01) HD Display Bluetooth Ca...,Grey Strap,2.01, Free Size,1499.0,4999.0,Bank Offer,90
284,GOBOULT,(formerly,"Boult) Dire 1.38"" 2.5D HD Display, 50...",Jet Black Strap,1.38, Free Size,1299.0,24900.0,Bank Offer,74
285,Apple,Watch,SE 2 GPS 40mm (2nd Gen) Silver Aluminium wi...,Blue Strap,40 mm, Free Size,22499.0,8499.0,Upto ₹300 Off on Exchange,9
286,GOBOULT,(formerly,"Boult) Drift+ 1.85"" ,BT Calling, 500N...",Jet Black Strap,1.85, Free Size,999.0,9999.0,Super Deals,88
287,GOBOULT,(formerly,"Boult) Rover Pro 1.43'' AMOLED, BT Ca...",Ash Black Strap,1.43, Free Size,1599.0,8499.0,Super Deals,84
288,GOBOULT,(formerly,"Boult) Drift+ 1.85"" ,BT Calling, 500N...",Denim Blue Strap,1.85, Free Size,1299.0,6999.0,Bank Offer,84
289,Noise,Icon,"5 with AI Watch Faces, AI Search, 1.95"" AMOL...",Jet Black Strap,1.95, Regular,1998.0,4999.0,Upto ₹300 Off on Exchange,71
290,GOBOULT,(formerly,"Boult) Dire 1.38"" 2.5D HD Display, 50...",Black Strap,1.38, Free Size,1099.0,7999.0,Bank Offer,78
291,GOBOULT,(formerly,"Boult) Drift BT Calling HD Display, 1...",Sand Black Strap,nan, Free Size,1099.0,9995.0,Bank Offer,86
292,Fastrack,Radiant,FX2-2.04''|AMOLED|AOD|Premium Design|S...,Black Strap,2.04, Free Size,4848.0,8499.0,Hot Deal,51
293,boAt,Storm,"call 3 w/TBT Navigation,Watch Face Studio,1....",Blue Strap,1.83, Free Size,1399.0,3999.0,Bank Offer,83
294,Melbon,Lumina,"2.01 AMOLED Display, Smart Health, Music,...",Maroon Strap,nan, For Regular Wear,820.0,4499.0,Super Deals,79
295,Fastrack,Optimus2,Pro-1.43'' AMOLED|Advanced Blazing Fa...,Gun Black Strap,1.43, Free Size,2398.0,18999.0,Bank Offer,46
296,Fire-Boltt,Brillia,51.3mm (2.06 inch) Largest AMOLED Di...,Champagne Strap,2.06, Free Size,1749.0,11999.0,Super Deals,90
297,Fire-Boltt,Ninja,Talk 35.3mm (1.39) Round Bluetooth Cal...,Gold SS Strap,1.39, 1.39,1349.0,18999.0,Super Deals,88
298,Fire-Boltt,Brillia,51.3mm (2.06 inch) Largest AMOLED Di...,Dark Grey Strap,2.06, Free Size,1749.0,19999.0,Super Deals,90
299,Huawei,Watch,"GT4 46mm 14 Days Battery Life, TruSeen Tec...",Brown Strap,46 mm, One Size,14999.0,7999.0,Upto ₹300 Off on Exchange,25
300,GOBOULT,(formerly,"Boult) Drift Max 2.01''HD Screen,BT C...",Pure Black Strap,2.01, Free Size,1499.0,7999.0,Bank Offer,81
301,GOBOULT,(formerly,"Boult) Drift BT Calling HD Display, 1...",Beige Strap,nan, Free Size,1099.0,7999.0,Bank Offer,86
302,Nervfit,Vibe,"1.85"" TrueColor+ Super HD, BT Calls, Water...",Midnight Black Strap,1.85, Free size,1549.0,9499.0,Bank Offer,80
303,boAt,Chrome,"Horizon, 1.51''(3.83cm) AMOLED Display, Vid...",Coco Brown Strap,1.51, Free Size,3598.0,11999.0,Bank Offer,62
304,Fire-Boltt,Ninja,Talk 35.3mm (1.39) Round Bluetooth Cal...,Silver SS Strap,1.39, 1.39,1349.0,3999.0,Super Deals,88
305,Fastrack,Revoltt,FR2-1.38''|Advanced Blazing Fast UI|Wo...,Green Strap,1.38, Free Size,1599.0,24999.0,Bank Offer,60
306,Fire-Boltt,Oracle,"-, , Play store & Phone Notification ...",Orange Horon Strap,nan, Free Size,2699.0,11999.0,Super Deals,89
307,Fire-Boltt,Ninja,Talk 35.3mm (1.39) Round Bluetooth Cal...,White Classic Strap,1.39, Free Size,1888.0,27900.0,Bank Offer,84
308,Apple,Watch,SE 2 GPS 44mm (2nd Gen) Starlight Aluminium...,Starlight Strap,44 mm, Free Size,24499.0,8999.0,Upto ₹300 Off on Exchange,12
309,Nervfit,Activ,"Pro 1.39'' TrueColor+ LED, BT, HR, Sp02, ...",Black Strap,1.39, Free size,1813.0,5999.0,Bank Offer,79
310,Noise,Colorfit,Icon 2 1.8'' Display with Bluetooth Call...,Midnight Blue Strap,1.8, Regular,1099.0,11999.0,Super Deals,81
311,Fire-Boltt,Rise,"Bluetooth Calling 47mm (1.85), Metal Bo...",Gold Black Strap,1.85, Free Size,1099.0,24999.0,Super Deals,90
312,Fire-Boltt,Dream,"WristPhone - 4G SIM/LTE/WiFi, Android ...",Irish Glam Strap,nan, Free Size,4074.0,4999.0,Upto ₹300 Off on Exchange,83
313,Lifelong,Muse,"Smart Watch with BT Calling|1.91"" Display...",Multicolor Strap,1.91, Free Additional Strap,850.0,5999.0,Bank Offer,82
314,Noise,Icon,"Arc 2.01"" Immersive Curved Display, 10 Days ...",Space Blue Strap,2.01, Regular,1499.0,8999.0,Bank Offer,75
315,Noise,Evolve,4 Metal Edition with 1.46 inch AMOLED Disp...,Elite Silver Strap,1.46, Regular,2799.0,2999.0,Super Deals,68
316,GameSir,I8,Pro Smart Watch Series 8 with multiple Featu...,Black Strap,nan, 1.75 Inch Full Screen Display,630.0,11999.0,Super Deals,78
317,Fire-Boltt,Nnja,Talk 35.3mm (1.39) Round Bluetooth Call...,Pink Strap,1.39," 1.39""",1299.0,4999.0,Bank Offer,89
318,Fastrack,RevoPro-1.97'',Super AMOLED Display|AOD|Workin...,Wine Red Strap,1.97, Free Size,2542.0,6999.0,Bank Offer,49
319,Noise,Twist,"2,1.43''AMOLED Display, AI Search & Voice A...",Gold Link Strap,1.43, Regular,2498.0,4499.0,Super Deals,64
320,GOBOULT,(formerly,"Boult) Crown 1.95"" Screen, BT Calling...",Black Strap,1.95, Free Size,1099.0,9999.0,Super Deals,75
321,Fire-Boltt,Ninja,Calling Pro Plus 46.5mm (1.83) Display...,Cinnamon Slate Strap,1.83, Free Size,1049.0,5199.0,Super Deals,89
322,Maxima,Max,"Pro Infinity 2.01""Ultra HD 2.5D Curved Displ...",Pink Strap,2.01, Free Size,1177.0,5999.0,Lowest price in the year,77
323,REDMI,Watch,"3 Active Bluetooth Calling 1.83"" Screen, Up...",Charcoal Black Strap,1.83, Free Size,2399.0,3999.0,Upto ₹300 Off on Exchange,60
324,Fastrack,Revoltt,FR2-1.38''|Advanced Blazing Fast UI|Wo...,Green Strap,1.38, Free Size,1599.0,14999.0,Bank Offer,60
325,alt,OG,Supreme 1.96'' AMOLED Single Chip Calling 120 sp...,Black Strap,1.96, Regular,799.0,9999.0,Super Deals,94
326,GOBOULT,(formerly,"Boult) Rover Pro 1.43'' AMOLED, BT Ca...",Ash Black Strap,1.43, Free Size,1599.0,4999.0,Super Deals,84
327,GOBOULT,(formerly,"Boult) Dire 1.38"" 2.5D HD Display, 50...",Black Strap,1.38, Free Size,1099.0,8999.0,Bank Offer,78
328,GOBOULT,(formerly,"Boult) Drift 2, 15 days Battery life,...",Metal Black Strap,1.83, Free Size,1299.0,9499.0,Bank Offer,85
329,boAt,Chrome,"Horizon, 1.51''(3.83cm) AMOLED Display, Vid...",Coco Brown Strap,1.51, Free Size,3598.0,8999.0,Bank Offer,62
330,Fire-Boltt,Hurricane,33.02mm (1.3) Curved Glass Display...,Grey Strap,1.3, Free Size,1499.0,7999.0,Bank Offer,83
331,GOBOULT,(formerly,"Boult) Drift BT Calling HD Display, 1...",Sand Black Strap,nan, Free Size,1099.0,39900.0,Bank Offer,86
332,Google,Watch,2 Smartwatch,Hazel Active Strap,nan, Free Size,29278.0,3999.0,Upto ₹300 Off on Exchange,26
333,Melbon,Lumina,"2.01 AMOLED Display, Smart Health, Music,...",Maroon Strap,nan, For Regular Wear,820.0,7499.0,Super Deals,79
334,boAt,Storm,"Call 3 Plus w/ Turn by Turn Navigation, QR T...",Black Metal Mesh Strap,1.96, Free Size,1349.0,55900.0,Bank Offer,82
335,Apple,Watch,"Series 8, 41mm GPS + Cellular ECG app, Temp...",Starlight Sport Strap,41 mm, Regular,35382.0,12999.0,Upto ₹300 Off on Exchange,36
336,Fire-Boltt,Rise,"Luxe Bluetooth Calling 47mm (1.85), Met...",Rose Gold Millanese Strap,1.85, Free Size,1149.0,18999.0,Super Deals,91
337,Fire-Boltt,Brillia,51.3mm (2.06 inch) Largest AMOLED Di...,Champagne Strap,2.06, Free Size,1749.0,4995.0,Super Deals,90
338,Fastrack,Revoltt,FS2 1.91 Super HD Display(320x385) wit...,Black Strap,nan, Free Size,2028.0,2999.0,Bank Offer,59
339,PunnkFunnk,Edge-Lite,"| 1.99 "" Amoled Display | BT Calli...",Pink Strap,1.99, Regular Size,789.0,11999.0,Bank Offer,73
340,Fire-Boltt,Ninja,Talk 35.3mm (1.39) Round Bluetooth Cal...,Gold SS Strap,1.39, 1.39,1349.0,7999.0,Super Deals,88
341,GOBOULT,(formerly,"Boult) Drift BT Calling HD Display, 1...",Beige Strap,nan, Free Size,1099.0,9999.0,Bank Offer,86
342,boAt,Lunar,"Discovery Pro, 1.39'' HD Display, QR Tray, E...",Sports Blue Strap,1.39, Free Size,1599.0,11990.0,Super Deals,84
343,alt,Drip,Smartwatch,Lunar Black Strap,nan, Regular,799.0,19999.0,Super Deals,93
344,Fire-Boltt,Cobra,"45.2mm (1.78) AMOLED Army Grade Build,...",Camo Sand Strap,1.78, Free Size,2199.0,9495.0,Super Deals,89
345,Fastrack,Marvellous,FX2-1.54|Super AMOLED|1000 Nits|Lux...,Gun Strap,nan, Free Size,6895.0,7999.0,Upto ₹300 Off on Exchange,27
346,GOBOULT,(formerly,"Boult) Drift Max 2.01''HD Screen,BT C...",Pure Black Strap,2.01, Free Size,1499.0,11999.0,Bank Offer,81
347,Fire-Boltt,Rise,"Bluetooth Calling 47mm (1.85), Metal Bo...",Gold Black Strap,1.85, Free Size,1099.0,3999.0,Super Deals,90
348,GameSir,H9,Black-A1 Full Screen Touch Watch Specially M...,Black Strap,nan, 2.01 Inch Full Screen Display,797.0,7499.0,Super Deals,80
349,GOBOULT,(formerly,"Boult) Crown R Pro 2 1.43''HD AMOLED,...",Bourbon Strap,1.43, Free Size,2499.0,11999.0,Upto ₹300 Off on Exchange,66
350,Fire-Boltt,Ninja,Talk 35.3mm (1.39) Round Bluetooth Cal...,White Classic Strap,1.39, Free Size,1888.0,2999.0,Bank Offer,84
351,GameSir,I8,Pro Smart Watch Series 8 with multiple Featu...,Black Strap,nan, 1.75 Inch Full Screen Display,630.0,8999.0,Super Deals,78
352,Noise,Pro,6 1.85'' Amoled Dispay with AI Watch Faces & ...,Ivory Gold Strap,1.85, Regular,5499.0,6499.0,Super Deals,38
353,boAt,Storm,"Infinity Plus, 20 Days BIG Battery, ASAP Cha...",Deep Blue Strap,1.96, Free Size,1199.0,6999.0,Super Deals,81
354,Noise,Icon,"4 with Stunning 1.96'' Display, Metallic Fin...",Forest Green Strap,1.96, Regular,1699.0,8999.0,Super Deals,75
355,boAt,Ultima,"Ember w/ 1.96''(4.97cm)AMOLED Screen,Person...",Rose Gold Strap,1.96, Free Size,2199.0,18999.0,Upto ₹300 Off on Exchange,75
356,Fire-Boltt,Brillia,Pro 51.3mm (2.02) Largest AMOLED Dis...,Champagne Chain Strap,2.02, Free Size,1849.0,11999.0,Super Deals,90
357,Fire-Boltt,Nnja,Talk 35.3mm (1.39) Round Bluetooth Call...,Pink Strap,1.39," 1.39""",1299.0,27900.0,Bank Offer,89
358,Apple,Watch,SE 2 GPS 44mm (2nd Gen) Starlight Aluminium...,Starlight Strap,44 mm, Free Size,24499.0,4999.0,Upto ₹300 Off on Exchange,12
359,Lifelong,Muse,"Smart Watch with BT Calling|1.91"" Display...",Multicolor Strap,1.91, Free Additional Strap,850.0,4499.0,Bank Offer,82
360,GOBOULT,(formerly,"Boult) Crown 1.95"" Screen, BT Calling...",Black Strap,1.95, Free Size,1099.0,9999.0,Super Deals,75
361,Fire-Boltt,Ninja,Calling Pro Plus 46.5mm (1.83) Display...,Cinnamon Slate Strap,1.83, Free Size,1049.0,7995.0,Super Deals,89
362,Fastrack,FX4-1.51''|Largest,AMOLED|AOD|Premium Design|S...,Gun Strap,1.51, Free Size,5245.0,7999.0,Hot Deal,34
363,Nervfit,MyCLNQ,"Pulse 1.83"" Display, BT Calls, Waterproo...",Midnight Black Strap,1.83, Free size,920.0,11995.0,Lowest price since launch,88
364,Titan,Smart,3-1.96''|Super AMOLED|AOD|Premium Design|BT...,Black Strap,1.96, Free Size,5159.0,8999.0,Upto ₹300 Off on Exchange,56
365,Noise,Evolve,4 Metal Edition with 1.46 inch AMOLED Disp...,Elite Nickel Strap,1.46, Regular,2799.0,9999.0,Super Deals,68
366,GOBOULT,(formerly,"Boult) Rover Pro 1.43'' AMOLED, BT Ca...",Ash Black Strap,1.43, Free Size,1599.0,4999.0,Super Deals,84
367,GOBOULT,(formerly,"Boult) Dire 1.38"" 2.5D HD Display, 50...",Black Strap,1.38, Free Size,1099.0,9999.0,Bank Offer,78
368,boAt,Lunar,"Discovery Pro, 1.39'' HD Display, QR Tray, E...",Rose Gold Strap,1.39, Free Size,1599.0,9499.0,Super Deals,84
369,boAt,Chrome,"Horizon, 1.51''(3.83cm) AMOLED Display, Vid...",Midnight Black Strap,1.51, Free Size,3299.0,8999.0,Bank Offer,65
370,Fire-Boltt,Hurricane,33.02mm (1.3) Curved Glass Display...,Grey Strap,1.3, Free Size,1499.0,7999.0,Bank Offer,83
371,GOBOULT,(formerly,"Boult) Drift BT Calling HD Display, 1...",Sand Black Strap,nan, Free Size,1099.0,8999.0,Bank Offer,86
372,GOBOULT,(formerly,"Boult) Drift 2, 15 days Battery life,...",Carbon Black Strap,1.83, Free Size,1099.0,9999.0,Bank Offer,87
373,boAt,Ultima,"Regal 5.1cm(2.01"") AMOLED Display,Functiona...",Cherry Blossom Strap,2.01, Free Size,2898.0,6999.0,Upto ₹300 Off on Exchange,71
374,Noise,Halo,"2 MOD with Swappable Bezel Editions, 1.46 AM...",Jet Black Strap,nan, Regular,4408.0,18999.0,Hot Deal,37
375,Fire-Boltt,Brillia,Pro 51.3mm (2.02) Largest AMOLED Dis...,Black Mesh Strap,2.02, Free Size,2199.0,12999.0,Upto ₹300 Off on Exchange,88
376,Fire-Boltt,Rise,"Luxe Bluetooth Calling 47mm (1.85), Met...",Rose Gold Millanese Strap,1.85, Free Size,1149.0,18999.0,Super Deals,91
377,Fire-Boltt,Brillia,51.3mm (2.06 inch) Largest AMOLED Di...,Champagne Strap,2.06, Free Size,1749.0,27900.0,Super Deals,90
378,Apple,Watch,SE 2 GPS 44mm (2nd Gen) Silver Aluminium wi...,Blue Cloud Strap,44 mm, Free Size,24499.0,4500.0,Upto ₹300 Off on Exchange,12
379,Yash,Enterprises,T-800 Ultra Smart Watch With Wireless ...,Orange Strap,nan, Free Size,464.0,11999.0,Bank Offer,89
380,Fire-Boltt,Ninja,Talk 35.3mm (1.39) Round Bluetooth Cal...,Gold SS Strap,1.39, 1.39,1349.0,7999.0,Super Deals,88
381,GOBOULT,(formerly,"Boult) Drift BT Calling HD Display, 1...",Beige Strap,nan, Free Size,1099.0,3999.0,Bank Offer,86
382,Cellecor,RUSH,"1.91"" HD Display | 600 NITS | BT-Calling ...",GOLD/PURPLE-BROWN Strap,1.91, Free Size,898.0,6999.0,Super Deals,77
383,Noise,Pulse,"3 1.96'' Display, BT Calling, 100 Sports Mo...",Blush Pink Strap,1.96, Regular,1199.0,2999.0,Super Deals,82
384,RISHI,ENTERPRISES,"Trendy latest Gen9 smartwatch, Golden...",Gold Strap,nan, Free Size,888.0,5999.0,Bank Offer,70
385,Noise,Icon,"Arc 2.01"" Immersive Curved Display, 10 Days ...",Jet Black Strap,2.01, Regular,1299.0,7999.0,Super Deals,78
386,GOBOULT,(formerly,"Boult) Drift Max 2.01''HD Screen,BT C...",Pure Black Strap,2.01, Free Size,1499.0,11999.0,Bank Offer,81
387,Fire-Boltt,Rise,"Bluetooth Calling 47mm (1.85), Metal Bo...",Gold Black Strap,1.85, Free Size,1099.0,7999.0,Super Deals,90
388,Nervfit,Vibe,"1.85"" TrueColor+ Super HD, BT Calls, Water...",Orchid Pink Strap,1.85, Free size,1549.0,24900.0,Bank Offer,80
389,Apple,Watch,SE 2 GPS 40mm (2nd Gen) Midnight Aluminium ...,Ink Strap,40 mm, Free Size,22499.0,11999.0,Upto ₹300 Off on Exchange,9
390,Fire-Boltt,Ninja,Talk 35.3mm (1.39) Round Bluetooth Cal...,White Classic Strap,1.39, Free Size,1888.0,2999.0,Bank Offer,84
391,GameSir,I8,Pro Smart Watch Series 8 with multiple Featu...,Black Strap,nan, 1.75 Inch Full Screen Display,630.0,20499.0,Super Deals,78
392,FITBIT,Fitness,Watch 6-Month Membership Smartwatch,Beet Juice Strap,nan, L,15999.0,3995.0,Upto ₹300 Off on Exchange,21
393,Fastrack,Revoltt,FS1-1.83''|BT Calling|Fast Charge|110+...,Green Strap,1.83, Free Size,1599.0,9499.0,Bank Offer,59
394,Apple,Watch,Series 11 GPS 46mm Jet Black Aluminium Case...,Black Strap,46 mm, Small/Medium,49900.0,18999.0,Bank Offer,60
395,boAt,Chrome,"Endeavour,1.96 AMOLED Display,AI Coach Heal...",Active Black Strap,nan, Free Size,3799.0,11999.0,Super Deals,90
396,Fire-Boltt,Brillia,Pro 51.3mm (2.02) Largest AMOLED Dis...,Champagne Chain Strap,2.02, Free Size,1849.0,4999.0,Super Deals,89
397,Fire-Boltt,Nnja,Talk 35.3mm (1.39) Round Bluetooth Call...,Pink Strap,1.39," 1.39""",1299.0,8999.0,Bank Offer,52
398,Fastrack,Pro-1.97'',Super AMOLED Display|AOD|Working Cr...,Green Strap,1.97, Free Size,2399.0,4499.0,Hot Deal,83
399,boAt,Wave,"Sigma 3 w/ Turn By Turn Navigation, 2.01"" Scr...",Active Black Strap,2.01, One Size,1499.0,5999.0,Bank Offer,78
400,GOBOULT,(formerly,"Boult) Crown 1.95"" Screen, BT Calling...",Black Strap,1.95, Free Size,1099.0,6999.0,Super Deals,75
401,Noise,Colorfit,Icon 2 1.8'' Display with Bluetooth Call...,Jet Black Strap,1.8, Regular,1099.0,19999.0,Super Deals,81
402,Noise,Icon,"4 with Stunning 1.96'' Display, Metallic Fin...",Forest Green Strap,1.96, Regular,1699.0,27900.0,Super Deals,75
403,Huawei,Watch,"GT4 46mm 14 Days Battery Life, TruSeen Tec...",Green Strap,46 mm, One Size,13588.0,5999.0,Upto ₹300 Off on Exchange,32
404,Apple,Watch,SE 2 GPS 44mm (2nd Gen) Silver Aluminium wi...,Blue Cloud Strap,44 mm, Free Size,24499.0,8499.0,Upto ₹300 Off on Exchange,12
405,Noise,Crew,"1.38 Round Display with Bluetooth Calling, M...",Black Link Strap,nan, Regular,1399.0,9999.0,Super Deals,76
406,GOBOULT,(formerly,"Boult) Drift+ 1.85"" ,BT Calling, 500N...",Jet Black Strap,1.85, Free Size,999.0,5999.0,Super Deals,88
407,GOBOULT,(formerly,"Boult) Rover Pro 1.43'' AMOLED, BT Ca...",Ash Black Strap,1.43, Free Size,1599.0,11995.0,Super Deals,84
408,Noise,Diva,"Diamond-cut Dial, AMOLED Display, Glossy Met...",Black Link Strap,nan, Regular,3349.0,4999.0,Super Deals,44
409,Titan,Smart,3-1.96''|Super AMOLED|AOD|Premium Design|BT...,Black Strap,1.96, Free Size,5159.0,7999.0,Upto ₹300 Off on Exchange,56
410,GOBOULT,(formerly,"Boult) Dire 1.38"" 2.5D HD Display, 50...",Black Strap,1.38, Free Size,1099.0,7995.0,Bank Offer,78
411,GOBOULT,(formerly,"Boult) Drift BT Calling HD Display, 1...",Sand Black Strap,nan, Free Size,1099.0,3999.0,Bank Offer,86
412,Fastrack,Revoltt,"FS1 Pro|World's First,1.96"" Super AMOL...",Wine Red Strap,1.96, Free Size,2895.0,5999.0,Upto ₹300 Off on Exchange,63
413,Cellecor,TWIST,"2.01"" Curved HD Display | 800 NITS| AOD|...",Grey Strap,2.01, Free Size,1099.0,7499.0,Super Deals,72
414,CMF,by,"Nothing Watch Pro, 1.96 AMOLED display, BT calli...",Dark Grey Strap,nan, Free Size,4534.0,18999.0,Upto ₹300 Off on Exchange,24
415,boAt,Wave,"Call 2 Plus with 1.96’’(4.97cm), BT Calling, ...",Blossom Strap,1.96, Free Size,1449.0,11999.0,Bank Offer,80
416,Fire-Boltt,Brillia,51.3mm (2.06 inch) Largest AMOLED Di...,Champagne Strap,2.06, Free Size,1749.0,18999.0,Super Deals,90
417,Fire-Boltt,Ninja,Talk 35.3mm (1.39) Round Bluetooth Cal...,Gold SS Strap,1.39, 1.39,1349.0,3995.0,Super Deals,88
418,Fire-Boltt,Brillia,Pro 51.3mm (2.02) Largest AMOLED Dis...,Grey Wave Strap,2.02, Free Size,2330.0,7999.0,Upto ₹300 Off on Exchange,87
419,Fastrack,Revoltt,FS1-1.83''|BT Calling|Fast Charge|110+...,Wine Red Strap,1.83, Free Size,1528.0,7999.0,Bank Offer,61
420,GOBOULT,(formerly,"Boult) Drift Max 2.01''HD Screen,BT C...",Pure Black Strap,2.01, Free Size,1499.0,6999.0,Bank Offer,81
421,GOBOULT,(formerly,"Boult) Drift BT Calling HD Display, 1...",Beige Strap,nan, Free Size,1099.0,8999.0,Bank Offer,86
422,Noise,Twist,"2,1.43''AMOLED Display, AI Search & Voice A...",Cloud Grey Strap,1.43, Regular,2198.0,4999.0,Super Deals,68
423,boAt,Wave,"Sigma 3 w/ Turn By Turn Navigation, 2.01"" Scr...",Sapphire Breeze Strap,2.01, One Size,1499.0,8499.0,Bank Offer,83
424,Fastrack,Revoltt,Pro-1.97'' Super AMOLED Display|AOD|Wo...,Beige Strap,1.97, Free Size,2542.0,24999.0,Bank Offer,49
425,boAt,Enigma,Daze Women's Luxury Watch w/ SOS Location T...,Beige Strap,1.3, Free Size,1999.0,11999.0,Super Deals,76
426,Fire-Boltt,Oracle,"-, , Play store & Phone Notification ...",Orange Horon Strap,nan, Free Size,2699.0,8999.0,Super Deals,89
427,Fire-Boltt,Ninja,Talk 35.3mm (1.39) Round Bluetooth Cal...,White Classic Strap,1.39, Free Size,1888.0,6999.0,Bank Offer,84
428,boAt,Ultima,"Prime w/ 1.43""(3.68cm)AMOLED Display,Person...",Forest Green Strap,1.43, Free Size,1999.0,5999.0,Super Deals,77
429,Noise,Ultra,"3 Luminary 1st Ever Personalised Alert, 1.9...",Space Blue Strap,1.96, Regular,3139.0,11999.0,Upto ₹300 Off on Exchange,55
430,Noise,Colorfit,Icon 2 1.8'' Display with Bluetooth Call...,Midnight Blue Strap,1.8, Regular,1099.0,3995.0,Super Deals,81
431,Fire-Boltt,Rise,"Bluetooth Calling 47mm (1.85), Metal Bo...",Gold Black Strap,1.85, Free Size,1099.0,3999.0,Super Deals,90
432,Fastrack,Revoltt,FS1-1.83''|BT Calling|Fast Charge|110+...,Rose Gold Strap,1.83, Free Size,1528.0,8999.0,Bank Offer,61
433,Cellecor,M5,"PLUS 2.01"" IPS HD Display | 700 NITS | BT-C...",Black Strap,2.01, Free Size,999.0,3999.0,Bank Offer,75
434,boAt,Wave,"Sigma 3 w/ Turn By Turn Navigation, 2.01"" Scr...",cherry Blossom Strap,2.01, One Size,1499.0,18999.0,Bank Offer,83
435,Cellecor,Flex,"1.83"" BT Calling, 500 NITS, AI Voice Assi...",Black Strap,1.83, Free Size,999.0,2999.0,Bank Offer,75
436,Fire-Boltt,Brillia,51.3mm (2.06 inch) Largest AMOLED Di...,Dark Grey Strap,2.06, Free Size,1749.0,13995.0,Super Deals,90
437,GameSir,I8,Pro Smart Watch Series 8 with multiple Featu...,Black Strap,nan, 1.75 Inch Full Screen Display,630.0,5995.0,Super Deals,78
438,Titan,Crest-1.43''|Premium,Design|AMOLED|AOD|Working Cr...,Black Strap,1.43, Free Size,7243.0,4499.0,Bank Offer,48
439,Fastrack,Optimus,Pro with 1.43 AMOLED Display & AOD(466...,Green Strap,nan, Free Size,3107.0,9999.0,Upto ₹300 Off on Exchange,48
440,GOBOULT,(formerly,"Boult) Crown 1.95"" Screen, BT Calling...",Black Strap,1.95, Free Size,1099.0,56900.0,Super Deals,75
441,Fire-Boltt,Ninja,Calling Pro Plus 46.5mm (1.83) Display...,Cinnamon Slate Strap,1.83, Free Size,1049.0,8999.0,Super Deals,89
442,Apple,Watch,Series 10 GPS + 42mm Rose Gold Aluminium wi...,Plm Strap,42 mm, Free Size,44499.0,4999.0,Upto ₹300 Off on Exchange,21
443,Noise,Pro,6 1.85'' Amoled Dispay with AI Watch Faces & ...,Jet Black Strap,1.85, Regular,5499.0,8295.0,Super Deals,38
444,Noise,Icon,"Buzz 1.69"" Display with Bluetooth Calling, W...",Rose Pink Strap,1.69, Regular,1199.0,9999.0,Super Deals,76
445,Fastrack,Radiant,FX4-1.51''|Largest EdgeX AMOLED|AOD|Pr...,Rose Gold Strap,1.51, Free Size,5828.0,4999.0,Upto ₹300 Off on Exchange,29
446,GOBOULT,(formerly,"Boult) Rover Pro 1.43'' AMOLED, BT Ca...",Ash Black Strap,1.43, Free Size,1599.0,3999.0,Super Deals,84
447,GOBOULT,(formerly,"Boult) Dire 1.38"" 2.5D HD Display, 50...",Black Strap,1.38, Free Size,1099.0,19999.0,Bank Offer,78
448,Fastrack,Revoltt,Classic-1.83''|Metal Design|Working Cr...,Black Strap,1.83, Free Size,2499.0,8999.0,Bank Offer,37
449,Huawei,Watch,"GT4 46mm 14 Days Battery Life, TruSeen Tec...",Green Strap,46 mm, One Size,13588.0,7999.0,Upto ₹300 Off on Exchange,32
450,Fire-Boltt,Hurricane,33.02mm (1.3) Curved Glass Display...,Grey Strap,1.3, Free Size,1499.0,5995.0,Bank Offer,83
451,GOBOULT,(formerly,"Boult) Drift BT Calling HD Display, 1...",Sand Black Strap,nan, Free Size,1099.0,6999.0,Bank Offer,86
452,Fastrack,Optimus,Pro with 1.43 AMOLED Display & AOD(466...,Blue Strap,nan, Free Size,3152.0,2999.0,Upto ₹300 Off on Exchange,47
453,Noise,Vortex,"Plus, 1.46'' AMOLED Display, BT Calling, S...",Jet Black Strap,1.46, Regular,1999.0,7499.0,Super Deals,71
454,FITRIC,T800,ultra smart watch with wireless charging Sm...,orange Strap,nan, M,460.0,12999.0,Super Deals,84
455,boAt,Wave,"Call 2 Plus with 1.96’’(4.97cm), BT Calling, ...",Blossom Strap,1.96, Free Size,1449.0,18999.0,Bank Offer,80
456,Fire-Boltt,Rise,"Luxe Bluetooth Calling 47mm (1.85), Met...",Rose Gold Millanese Strap,1.85, Free Size,1149.0,9999.0,Super Deals,91
457,Fire-Boltt,Brillia,51.3mm (2.06 inch) Largest AMOLED Di...,Champagne Strap,2.06, Free Size,1749.0,7999.0,Super Deals,90
458,Fire-Boltt,Talk,Ultra 35.3mm (1.39) Round Color HD Disp...,Red Strap,1.39, Regular,1299.0,11999.0,Super Deals,87
459,Noise,Hexa,"1.96"" AMOLED with ArcView Display, Bluetooth...",Vintage Brown Strap,1.96, Regular,2665.0,7999.0,Upto ₹300 Off on Exchange,66
460,Fire-Boltt,Ninja,Talk 35.3mm (1.39) Round Bluetooth Cal...,Gold SS Strap,1.39, 1.39,1349.0,4999.0,Super Deals,88
461,GOBOULT,(formerly,"Boult) Drift BT Calling HD Display, 1...",Beige Strap,nan, Free Size,1099.0,6999.0,Bank Offer,86
462,REDMI,Watch,"5 Active BT Calling 3 mic,2""HD Screen,18 da...",Active Midnight Black Strap,2, Free Size,2598.0,24999.0,Hot Deal,48
463,Noise,Ultra,"3 Luminary 1st Ever Personalised Alert, 1.9...",Jet Black Strap,1.96, Regular,2899.0,12999.0,Super Deals,58
464,Fire-Boltt,Oracle,"WristPhone - 4G SIM/LTE/WiFi, Android...",Marine Mirage Strap,nan, Free Size,2699.0,7999.0,Super Deals,89
465,alt,"GOAT,","1.78 AMOLED Display, Single Chip Bluetooth Ca...",Black Strap,nan, Free Size,799.0,11999.0,Super Deals,93
466,GOBOULT,(formerly,"Boult) Drift Max 2.01''HD Screen,BT C...",Pure Black Strap,2.01, Free Size,1499.0,6999.0,Bank Offer,81
467,Fire-Boltt,Rise,"Bluetooth Calling 47mm (1.85), Metal Bo...",Gold Black Strap,1.85, Free Size,1099.0,8999.0,Super Deals,90
468,DIZO,Watch,"R Talk, Amoled Display with Calling & 10 day...",Black Strap,nan, Free Size,2699.0,11999.0,Upto ₹300 Off on Exchange,61
469,boAt,Enigma,Daze Women's Luxury Watch w/ SOS Location T...,Metallic Gold Strap,1.3, Free Size,2199.0,2999.0,Super Deals,75
470,Fire-Boltt,Ninja,Talk 35.3mm (1.39) Round Bluetooth Cal...,White Classic Strap,1.39, Free Size,1888.0,7999.0,Bank Offer,84
471,GameSir,I8,Pro Smart Watch Series 8 with multiple Featu...,Black Strap,nan, 1.75 Inch Full Screen Display,630.0,1999.0,Super Deals,78
472,Noise,Ultra,"3 Luminary 1st Ever Personalised Alert, 1.9...",Olive Green Strap,1.96, Regular,3349.0,49999.0,Super Deals,58
473,GameSir,I8,Pink-A1 Full Screen Touch Watch Specially Ma...,Pink Strap,nan, 1.75 Inch Full Screen Display Notifications smartwatch,628.0,59900.0,Bank Offer,68
474,Huawei,Watch,"D2,1.82''AMOLED,Blood Pressure Monitoring,...",Black Strap,1.82, Free Size,35499.0,18999.0,Super Deals,29
475,Apple,Watch,Series 10 GPS + Cellular 46mm Rose Gold Alu...,Plum Strap,46 mm, Free Size,48999.0,11999.0,Upto ₹300 Off on Exchange,18
476,Fire-Boltt,Brillia,Pro 51.3mm (2.02) Largest AMOLED Dis...,Champagne Chain Strap,2.02, Free Size,1849.0,10999.0,Super Deals,90
477,Fire-Boltt,Nnja,Talk 35.3mm (1.39) Round Bluetooth Call...,Pink Strap,1.39," 1.39""",1299.0,6999.0,Bank Offer,89
478,PA,Maxima,"Aura Fashion Women 1.19 HD Display,Metal Case...",Rose Gold Strap,nan, Free Size,2195.0,4499.0,Bank Offer,80
479,Noise,Icon,"5 with AI Watch Faces, AI Search, 1.95"" AMOL...",Rose Pink Strap,1.95, Regular,1998.0,9999.0,Bank Offer,71
480,GOBOULT,(formerly,"Boult) Crown 1.95"" Screen, BT Calling...",Black Strap,1.95, Free Size,1099.0,18999.0,Super Deals,75
481,Fire-Boltt,Ninja,Calling Pro Plus 46.5mm (1.83) Display...,Cinnamon Slate Strap,1.83, Free Size,1049.0,3999.0,Super Deals,89
482,Fire-Boltt,45.2mm,"(1.78) AMOLED 368*448px Res,BT Callin...",Black Strap,1.78, Free Size,2199.0,12999.0,Bank Offer,88
483,Cellecor,RUSH,"1.91"" HD Display | 600 NITS | BT-Calling ...",GOLD/ORANGE-BLACK Strap,1.91, Free Size,898.0,21000.0,Super Deals,77
484,Fire-Boltt,Rise,"Luxe Bluetooth Calling 47mm (1.85), Met...",Gold Millanese Strap,1.85, Free Size,1149.0,9999.0,Super Deals,91
485,fire,boltt,"Diamond Luxury Stainless Steel, 36.3mm (1.43...",Silver Strap,1.43, 1.43,5499.0,4999.0,Upto ₹300 Off on Exchange,73
486,GOBOULT,(formerly,"Boult) Rover Pro 1.43'' AMOLED, BT Ca...",Ash Black Strap,1.43, Free Size,1599.0,9999.0,Super Deals,84
487,GOBOULT,(formerly,"Boult) Dire 1.38"" 2.5D HD Display, 50...",Black Strap,1.38, Free Size,1099.0,49900.0,Bank Offer,78
488,boAt,Ultima,"Regal w/ 5.1cm(2.01"") AMOLED Display,Functi...",Active Black Strap,2.01, Free Size,2799.0,8999.0,Upto ₹300 Off on Exchange,72
489,Apple,Watch,Series 10 GPS 46mm Silver Aluminium with De...,Blue Strap,46 mm, Free Size,38999.0,7999.0,Upto ₹300 Off on Exchange,21
490,Fire-Boltt,Hurricane,33.02mm (1.3) Curved Glass Display...,Grey Strap,1.3, Free Size,1499.0,4999.0,Bank Offer,83
491,GOBOULT,(formerly,"Boult) Drift BT Calling HD Display, 1...",Sand Black Strap,nan, Free Size,1099.0,19999.0,Bank Offer,86
492,GameSir,Gen,9 Model : The Next Generation of women Fitn...,Rose gold Strap,nan," ""Free Size Elegant Women's Smartwatch with Fitness and Fashion & Stylish Design""",1338.0,3999.0,Super Deals,73
493,Fire-Boltt,Reto,"39.1mm (1.54) Display, Bluetooth call, ...",Gold Strap,1.54, Free Size,2699.0,5995.0,Upto ₹300 Off on Exchange,86
494,GameSir,Black,"T800 Ultra Smartwatch Stainless Steel, BT...",Black Metal Strap,nan, Regular Size,771.0,12999.0,Bank Offer,80
495,Fastrack,Optimus,"Pro with 1.43"" AMOLED Display & AOD(46...",Wine Red Strap,1.43, Free Size,3024.0,18999.0,Upto ₹300 Off on Exchange,49
496,Fire-Boltt,Rise,"Luxe Bluetooth Calling 47mm (1.85), Met...",Rose Gold Millanese Strap,1.85, Free Size,1149.0,12999.0,Super Deals,91
497,Fire-Boltt,Brillia,51.3mm (2.06 inch) Largest AMOLED Di...,Champagne Strap,2.06, Free Size,1749.0,7499.0,Super Deals,90
498,boAt,Lunar,"Oasis w/TBT Navigation,Dynamic UI,1.43''(3.6...",Active Black Strap,1.43, One Size,3499.0,11999.0,Upto ₹300 Off on Exchange,73
499,Prowatch,"X,","1.43"" AMOLED, Body Energy, HRV, VO2 Max, Go...",Grey Strap,1.43, 1.43,2398.0,7999.0,Super Deals,68
500,Fire-Boltt,Ninja,Talk 35.3mm (1.39) Round Bluetooth Cal...,Gold SS Strap,1.39, 1.39,1349.0,24999.0,Super Deals,88
501,GOBOULT,(formerly,"Boult) Drift BT Calling HD Display, 1...",Beige Strap,nan, Free Size,1099.0,9995.0,Bank Offer,86
502,Fire-Boltt,Dream,"WristPhone - 4G SIM/LTE/WiFi, Android ...",Coral Breeze Strap,nan, Free Size,4098.0,3999.0,Upto ₹300 Off on Exchange,83
503,Fastrack,Marvellous,FX2-1.54|Super AMOLED|1000 Nits|Lux...,Rose Gold Strap,nan, Free Size,6829.0,18999.0,Upto ₹300 Off on Exchange,31
504,Cellecor,Flex,"1.83"" BT Calling, 500 NITS, AI Voice Assi...",Black Strap,1.83, Free Size,999.0,7999.0,Bank Offer,75
505,Fire-Boltt,Brillia,Pro 51.3mm (2.02) Largest AMOLED Dis...,Black Nylon Strap,2.02, Free Size,2373.0,11999.0,Upto ₹300 Off on Exchange,87
506,GOBOULT,(formerly,"Boult) Drift Max 2.01''HD Screen,BT C...",Pure Black Strap,2.01, Free Size,1499.0,5999.0,Bank Offer,81
507,Fire-Boltt,Rise,"Bluetooth Calling 47mm (1.85), Metal Bo...",Gold Black Strap,1.85, Free Size,1099.0,2999.0,Super Deals,90
508,boAt,Storm,"Infinity, 15 Days Huge Battery(550 mAh), Fas...",Sports Black Strap,1.83, Free Size,1449.0,11999.0,Super Deals,75
509,GameSir,Newly,Edge-lite Smartwatch With BT Calling Fitn...,Black Strap,nan, Free size,793.0,2999.0,Bank Offer,73
510,Fire-Boltt,Ninja,Talk 35.3mm (1.39) Round Bluetooth Cal...,White Classic Strap,1.39, Free Size,1888.0,21000.0,Bank Offer,84
511,GameSir,I8,Pro Smart Watch Series 8 with multiple Featu...,Black Strap,nan, 1.75 Inch Full Screen Display,630.0,18999.0,Super Deals,78
512,Fire-Boltt,Legacy,"36.3mm (1.43"") AMOLED Display, Blueto...",Black S Strap,1.43, Free Size,2199.0,8999.0,Upto ₹300 Off on Exchange,89
513,Fire-Boltt,Brillia,51.3mm (2.06 inch) Largest AMOLED Di...,Blue Strap,2.06, Free Size,1749.0,19990.0,Super Deals,90
514,Noise,Pro,6 1.85'' Amoled Dispay with AI Watch Faces & ...,Arctic Weave Strap,1.85, Regular,5999.0,18999.0,Super Deals,33
515,imoo,Z7,Smartwatch,Pink Strap,nan, Free Size,13990.0,11999.0,Super Deals,30
516,Fire-Boltt,Brillia,Pro 51.3mm (2.02) Largest AMOLED Dis...,Champagne Chain Strap,2.02, Free Size,1849.0,8999.0,Super Deals,90
517,Fire-Boltt,Nnja,Talk 35.3mm (1.39) Round Bluetooth Call...,Pink Strap,1.39," 1.39""",1299.0,3995.0,Bank Offer,89
518,boAt,Wave,"Sigma 3 w/ Turn By Turn Navigation, 2.01"" Scr...",Sapphire Breeze Strap,2.01, One Size,1499.0,4499.0,Bank Offer,83
519,Fastrack,Revoltt,FS1-1.83''|BT Calling|Fast Charge|110+...,Rose Gold Strap,1.83, Free Size,1528.0,9999.0,Bank Offer,61
520,GOBOULT,(formerly,"Boult) Crown 1.95"" Screen, BT Calling...",Black Strap,1.95, Free Size,1099.0,5999.0,Super Deals,75
521,Fire-Boltt,Ninja,Calling Pro Plus 46.5mm (1.83) Display...,Cinnamon Slate Strap,1.83, Free Size,1049.0,3999.0,Super Deals,89
522,Noise,Diva,"Diamond-cut Dial, AMOLED Display, Glossy Met...",Rose Pink Strap,nan, Regular,3116.0,4495.0,Bank Offer,48
523,GOBOULT,(formerly,"Boult) Striker+ 1.39"" HD, Zinc Alloy ...",Blue Strap,1.39, Free Size,1298.0,13999.0,Bank Offer,67
524,Fastrack,FS1,Max|Biggest 1.95'' UltraVU Curve Display|B...,Black Strap,1.95, Free Size,1999.0,9999.0,Upto ₹300 Off on Exchange,55
525,Nervfit,Kinetic,"Pro2 Rugged Sports, 1.43"" Super AMOLED ...",Gun Black Strap,1.43, Free size,3170.0,4999.0,Bank Offer,77
526,GOBOULT,(formerly,"Boult) Rover Pro 1.43'' AMOLED, BT Ca...",Ash Black Strap,1.43, Free Size,1599.0,7999.0,Super Deals,84
527,GOBOULT,(formerly,"Boult) Dire 1.38"" 2.5D HD Display, 50...",Black Strap,1.38, Free Size,1099.0,3999.0,Bank Offer,78
528,Noise,Noise,Scout Smartwatch,Ninja Green Strap,nan, Onesize,5182.0,8999.0,Bank Offer,35
529,GameSir,H9,"2.01"" Display Amoled, Bluetooth calling, Hea...",Black Strap,2.01, Free Size,801.0,7999.0,Super Deals,79
530,Fire-Boltt,Hurricane,33.02mm (1.3) Curved Glass Display...,Grey Strap,1.3, Free Size,1499.0,10999.0,Bank Offer,83
531,GOBOULT,(formerly,"Boult) Drift BT Calling HD Display, 1...",Sand Black Strap,nan, Free Size,1099.0,7999.0,Bank Offer,86
532,Noise,Endeavour,"Pro Outdoor Rugged, Titanium Alloy Beze...",Carbon Black Strap,nan, Onesize,10399.0,8999.0,Bank Offer,5
533,alt,with,"1.8InchHD Display, BT Calling and AI Voice ass...",Brick Red Strap,nan, Regular,1099.0,1999.0,Bank Offer,86
534,boAt,Enigma,Daze Women's Luxury Watch w/ SOS Location T...,Metallic Silver Strap,1.3, Free Size,2199.0,12999.0,Super Deals,75
535,Wyltron,i8,"Pink BT Calling, Cupple gift, Daily activity...",Pink Strap,nan, Free Size,628.0,18999.0,Super Deals,68
536,Fire-Boltt,Rise,"Luxe Bluetooth Calling 47mm (1.85), Met...",Rose Gold Millanese Strap,1.85, Free Size,1149.0,9999.0,Super Deals,91
537,Fire-Boltt,Brillia,51.3mm (2.06 inch) Largest AMOLED Di...,Champagne Strap,2.06, Free Size,1749.0,10999.0,Super Deals,90
538,Fire-Boltt,Ninja,Calling Pro Plus 46.5mm (1.83) Display...,Blue Strap,1.83, Free Size,1099.0,11999.0,Bank Offer,89
539,GOBOULT,(formerly,"Boult) Rover Pro 1.43'' AMOLED, BT Ca...",Regal Strap,1.43, Free Size,1798.0,7999.0,Super Deals,83
540,Fire-Boltt,Ninja,Talk 35.3mm (1.39) Round Bluetooth Cal...,Gold SS Strap,1.39, 1.39,1349.0,5999.0,Super Deals,88
541,GOBOULT,(formerly,"Boult) Drift BT Calling HD Display, 1...",Beige Strap,nan, Free Size,1099.0,56900.0,Bank Offer,86
542,boAt,Storm,"Infinity, 15 Days Huge Battery(550 mAh), Fas...",Sports Green Strap,1.83, Free Size,1449.0,7999.0,Super Deals,75
543,Apple,Watch,Series 10 GPS + Cellular 42mm Silver Alumin...,Blue Strap,42 mm, Free Size,45873.0,9999.0,Upto ₹300 Off on Exchange,19
544,Noise,Caliber,"3 Plus Metal Edition 1.96"" AMOLED Display...",Elite Silver Strap,1.96, Regular,2499.0,7999.0,Upto ₹300 Off on Exchange,68
545,Noise,Pro,6 Max 1.96'' Amoled Display with AI Watch Fac...,Blue Titanium Strap,1.96, Regular,6999.0,11999.0,Super Deals,30
546,GOBOULT,(formerly,"Boult) Drift Max 2.01''HD Screen,BT C...",Pure Black Strap,2.01, Free Size,1499.0,5999.0,Bank Offer,81
547,Fire-Boltt,Rise,"Bluetooth Calling 47mm (1.85), Metal Bo...",Gold Black Strap,1.85, Free Size,1099.0,8999.0,Super Deals,90
548,Fastrack,Magnus,FX1 |35mm UltraVU Display |Working Crow...,Black Strap,35 mm, Free Size,3541.0,11999.0,Upto ₹300 Off on Exchange,40
549,Cellecor,RAY,"1.43"" AMOLED Display | 700 NITS | AOD | BT...",Golden/Orange Strap,1.43, Free Size,1099.0,2999.0,Bank Offer,87
550,Fire-Boltt,Ninja,Talk 35.3mm (1.39) Round Bluetooth Cal...,White Classic Strap,1.39, Free Size,1888.0,54999.0,Bank Offer,84
551,GameSir,I8,Pro Smart Watch Series 8 with multiple Featu...,Black Strap,nan, 1.75 Inch Full Screen Display,630.0,3999.0,Super Deals,78
552,Samsung,Galaxy,Watch 8 Classic,Black Strap,nan, Large,46999.0,14999.0,Bank Offer,14
553,Cellecor,RUSH,"1.91"" HD Display | 600 NITS | BT-Calling ...",GARNISH/BLUE-GREY Strap,1.91, Free Size,999.0,18999.0,Bank Offer,75
554,Fire-Boltt,Hunter,Nyluxe 51.1mm (2.01) HD Display Bueto...,Midnight Blue Strap,2.01, Free Size,1599.0,11999.0,Bank Offer,89
555,Apple,Watch,Ultra 3 GPS + Cellular 49mm Natural Titaniu...,Anchor Blue Strap,49 mm, Free Size,89900.0,9999.0,Bank Offer,90
556,Fire-Boltt,Brillia,Pro 51.3mm (2.02) Largest AMOLED Dis...,Champagne Chain Strap,2.02, Free Size,1849.0,24900.0,Super Deals,89
557,Fire-Boltt,Nnja,Talk 35.3mm (1.39) Round Bluetooth Call...,Pink Strap,1.39," 1.39""",1299.0,4499.0,Bank Offer,47
558,Noise,Origin,"1.46"" AMOLED Display with All New Nebula U...",Midnight Black Strap,1.46, Regular,5299.0,5999.0,Upto ₹300 Off on Exchange,9
559,Apple,Watch,SE 2 GPS 40mm (2nd Gen) Silver Aluminium wi...,Blue Cloud Strap,40 mm, Free Size,22499.0,5999.0,Upto ₹300 Off on Exchange,78
560,GOBOULT,(formerly,"Boult) Crown 1.95"" Screen, BT Calling...",Black Strap,1.95, Free Size,1099.0,6999.0,Super Deals,75
561,Noise,Colorfit,Icon 2 1.8'' Display with Bluetooth Call...,Jet Black Strap,1.8, Regular,1099.0,9999.0,Super Deals,81
562,phinix,S9,Ultra Gold Edition With Sports Mode Golden Sm...,Gold Strap,nan, Free Size,763.0,5999.0,Hot Deal,87
563,GOBOULT,(formerly,"Boult) Crown Pro 2.01"", Working Crown...",Phantom Black Strap,2.01, Free Size,1599.0,8499.0,Bank Offer,77
564,Noise,Origin,"1.46"" AMOLED Display with All New Nebula U...",Midnight Black Strap,1.46, Regular,5299.0,9999.0,Upto ₹300 Off on Exchange,47
565,boAt,Storm,"Infinity, 15 Days Huge Battery(550 mAh), Fas...",Sports Black Strap,1.83, Free Size,1449.0,7499.0,Super Deals,75
566,GOBOULT,(formerly,"Boult) Drift+ 1.85"" ,BT Calling, 500N...",Jet Black Strap,1.85, Free Size,999.0,6999.0,Super Deals,88
567,GOBOULT,(formerly,"Boult) Rover Pro 1.43'' AMOLED, BT Ca...",Ash Black Strap,1.43, Free Size,1599.0,4999.0,Super Deals,84
568,TAGG,Verve,"Max Buzz 1.81inch High Res Display, Bluetoot...",Black Strap,1.81, 1.81,1399.0,7999.0,Super Deals,81
569,boAt,Storm,"Infinity Plus, 20 Days BIG Battery, ASAP Cha...",Sports White Strap,1.96, Free Size,1199.0,2995.0,Super Deals,82
570,GOBOULT,(formerly,"Boult) Dire 1.38"" 2.5D HD Display, 50...",Black Strap,1.38, Free Size,1099.0,9999.0,Bank Offer,78
571,GOBOULT,(formerly,"Boult) Drift BT Calling HD Display, 1...",Sand Black Strap,nan, Free Size,1099.0,5999.0,Bank Offer,86
572,Fastrack,Revoltt,FS2+|2.01'' Display|Functional Crown|B...,Beige Strap,2.01, Free Size,1628.0,69999.0,Bank Offer,45
573,Noise,Pro,6 Max 1.96'' Amoled Display with AI Watch Fac...,Blue Titanium Strap,1.96, Regular,6999.0,18999.0,Super Deals,30
574,Fastrack,Magnus,FX1 |35mm UltraVU Display |Working Crow...,Black Strap,35 mm, Free Size,3541.0,11999.0,Upto ₹300 Off on Exchange,40
575,Samsung,Galaxy,Watch Ultra LTE,Titanium Gray Strap,nan, Large,33999.0,8999.0,Super Deals,51
576,Fire-Boltt,Brillia,51.3mm (2.06 inch) Largest AMOLED Di...,Champagne Strap,2.06, Free Size,1749.0,24900.0,Super Deals,90
577,Fire-Boltt,Ninja,Talk 35.3mm (1.39) Round Bluetooth Cal...,Gold SS Strap,1.39, 1.39,1349.0,7999.0,Super Deals,88
578,Noise,Pro,6 1.85'' Amoled Dispay with A Watch Faces & A...,Ice Blue Strap,1.85, Regular,5499.0,7999.0,Super Deals,38
579,Apple,Watch,SE 2 GPS 40mm (2nd Gen) Silver Aluminium wi...,Blue Cloud Strap,40 mm, Free Size,22499.0,12999.0,Upto ₹300 Off on Exchange,9
580,GOBOULT,(formerly,"Boult) Drift Max 2.01''HD Screen,BT C...",Pure Black Strap,2.01, Free Size,1499.0,1999.0,Bank Offer,81
581,GOBOULT,(formerly,"Boult) Drift BT Calling HD Display, 1...",Beige Strap,nan, Free Size,1099.0,3699.0,Bank Offer,86
582,boAt,Lunar,"Oasis w/TBT Navigation,Dynamic UI,1.43''(3.6...",Active Black Strap,1.43, One Size,3499.0,54999.0,Upto ₹300 Off on Exchange,73
583,Techy,Alpha,"T500 Ultra 1.39"" AMOLED Display With Blueto...",BLACK Strap,1.39, Free size,448.0,11999.0,Lowest price since launch,77
584,TAXTURE,I20,Ultra 8 Watch Bluetooth Call Fitness Bracel...,Multicolor Strap,nan, Free Size,785.0,24999.0,Super Deals,78
585,Samsung,Galaxy,Watch 8 Classic,Black Strap,nan, Large,46999.0,7999.0,Bank Offer,14
586,Fire-Boltt,Ninja,Talk 35.3mm (1.39) Round Bluetooth Cal...,White Classic Strap,1.39, Free Size,1888.0,8499.0,Bank Offer,84
587,Fire-Boltt,Oracle,"-, , Play store & Phone Notification ...",Orange Horon Strap,nan, Free Size,2699.0,11999.0,Super Deals,89
588,Noise,Caliber,"3 Plus Metal Edition 1.96"" AMOLED Display...",Elite Silver Strap,1.96, Regular,2499.0,5999.0,Upto ₹300 Off on Exchange,68
589,boAt,Storm,"call 3 w/TBT Navigation,Watch Face Studio,1....",Salmon Peach Strap,1.83, Free Size,1399.0,18999.0,Bank Offer,83
590,Fire-Boltt,Rise,"Bluetooth Calling 47mm (1.85), Metal Bo...",Gold Black Strap,1.85, Free Size,1099.0,6999.0,Super Deals,90
591,Noise,Colorfit,Icon 2 1.8'' Display with Bluetooth Call...,Midnight Blue Strap,1.8, Regular,1099.0,59999.0,Super Deals,81
592,Fire-Boltt,Brillia,Pro 51.3mm (2.02) Largest AMOLED Dis...,Pink Wave Strap,2.02, Free Size,1749.0,12999.0,Super Deals,90
593,Noise,Loop,1.85'' Display with Advanced Bluetooth Calli...,Green Strap,1.85, Regular,1399.0,11999.0,Upto ₹300 Off on Exchange,80
594,Samsung,Galaxy,Watch 8 Classic,White Strap,nan, Large,50999.0,18999.0,Bank Offer,15
595,alt,"GOAT,","1.78 AMOLED Display, Single Chip Bluetooth Ca...",Green Strap,nan, Free Size,799.0,2995.0,Super Deals,93
596,Fire-Boltt,Nnja,Talk 35.3mm (1.39) Round Bluetooth Call...,Pink Strap,1.39," 1.39""",1299.0,4999.0,Bank Offer,89
597,Fire-Boltt,Brillia,Pro 51.3mm (2.02) Largest AMOLED Dis...,Wine Nylon Strap,2.02, Free Size,1749.0,4499.0,Super Deals,90
598,Fastrack,Revoltt,X2 with 1.91'' BT Calling|Rotating Cro...,Blue Strap,1.91, Free Size,1718.0,9999.0,Bank Offer,42
599,GOBOULT,(formerly,"Boult) Crown R with 1.52'' HD Screen,...",Black Strap,1.52, Free Size,1999.0,7999.0,Bank Offer,60
600,GOBOULT,(formerly,"Boult) Crown 1.95"" Screen, BT Calling...",Black Strap,1.95, Free Size,1099.0,4495.0,Super Deals,75
601,Fire-Boltt,Ninja,Calling Pro Plus 46.5mm (1.83) Display...,Cinnamon Slate Strap,1.83, Free Size,1049.0,19999.0,Super Deals,89
602,WTG,PF9,"Series 1.39"" AMOLED Display Music & Fitness BT ...",Rose Gold,1.39, Pink Strap,1340.0,2911.0,Super Deals,83
603,Fastrack,FS1,Max|Biggest 1.95'' UltraVU Curve Display|B...,Blue Strap,1.95, Free Size,2399.0,9999.0,Upto ₹300 Off on Exchange,46
604,Lifelong,Bold,Smartwatch For Men Bluetooth Calling 1.32...,Black Strap,1.32, 1.32,1299.0,4999.0,Upto ₹300 Off on Exchange,93
605,Mynz,T10,Ultra Honeycomb Edition smart watch with GAME ...,Black Strap,nan, Free Size,473.0,3499.0,Bank Offer,83
606,GOBOULT,(formerly,"Boult) Rover Pro 1.43'' AMOLED, BT Ca...",Ash Black Strap,1.43, Free Size,1599.0,7499.0,Super Deals,84
607,GOBOULT,(formerly,"Boult) Dire 1.38"" 2.5D HD Display, 50...",Black Strap,1.38, Free Size,1099.0,8999.0,Bank Offer,78
608,dicrobots,Ultra,Gold Touch Watch with 25+ New Features ...,gold Strap,nan, 45,623.0,7999.0,Lowest price in the year,82
609,Prowatch,"X,","1.43"" AMOLED, Body Energy, HRV, VO2 Max, Go...",Dark Grey Strap,1.43, 1.43,2689.0,13999.0,Super Deals,64
610,Fire-Boltt,Hurricane,33.02mm (1.3) Curved Glass Display...,Grey Strap,1.3, Free Size,1499.0,5999.0,Bank Offer,83
611,GOBOULT,(formerly,"Boult) Drift BT Calling HD Display, 1...",Sand Black Strap,nan, Free Size,1099.0,44900.0,Bank Offer,86
612,boAt,Lunar,"Oasis w/TBT Navigation,Dynamic UI,1.43''(3.6...",Olive Green Strap,1.43, One Size,3799.0,8999.0,Upto ₹300 Off on Exchange,72
613,Avonix,Trendy,"latest Gen9 smartwatch, Golden & Pink str...",Golden,nan, Pink Strap,898.0,12999.0,Super Deals,85
614,Apple,Watch,Series 9 GPS 45mm Aluminium Case with Sport...,Midnight Strap,45 mm, Free Size,43999.0,18999.0,Upto ₹300 Off on Exchange,2
615,Noise,Active,"2 with 1.46'' Hypervision AMOLED Display, ...",Silver Black Strap,1.46, Regular,3041.0,24999.0,Upto ₹300 Off on Exchange,66
616,Fire-Boltt,Rise,"Luxe Bluetooth Calling 47mm (1.85), Met...",Rose Gold Millanese Strap,1.85, Free Size,1149.0,8499.0,Super Deals,91
617,Fire-Boltt,Brillia,51.3mm (2.06 inch) Largest AMOLED Di...,Champagne Strap,2.06, Free Size,1749.0,11999.0,Super Deals,90
618,Fire-Boltt,Dream,"WristPhone - 4G SIM/LTE/WiFi, Android ...",Midnight Grace Strap,nan, Free Size,4026.0,7999.0,Upto ₹300 Off on Exchange,83
619,boAt,Storm,"call 3 w/TBT Navigation,Watch Face Studio,1....",Salmon Peach Strap,1.83, Free Size,1399.0,12999.0,Bank Offer,83
620,Fire-Boltt,Ninja,Talk 35.3mm (1.39) Round Bluetooth Cal...,Gold SS Strap,1.39, 1.39,1349.0,6999.0,Super Deals,88
621,GOBOULT,(formerly,"Boult) Drift BT Calling HD Display, 1...",Beige Strap,nan, Free Size,1099.0,4199.0,Bank Offer,86
622,alt,Drip,"Max, 2"" HD Display, Single Chip Bluetooth Call...",Black Strap,2, Regular,799.0,3699.0,Super Deals,93
623,Noise,Caliber,"3 Plus 1.96"" AMOLED Display, Functional C...",Black Strap,1.96, Regular,2499.0,7999.0,Upto ₹300 Off on Exchange,64
624,MBS,Microbots,gen 9 diamond edition gold smartwatch wit...,Rose Gold,nan, Light Pink Strap,811.0,11999.0,Lowest price since launch,80
625,TAXTURE,I20,Ultra 8 Watch Bluetooth Call Fitness Bracel...,Multicolor Strap,nan, Free Size,785.0,9999.0,Super Deals,78
626,GOBOULT,(formerly,"Boult) Drift Max 2.01''HD Screen,BT C...",Pure Black Strap,2.01, Free Size,1499.0,8999.0,Bank Offer,81
627,Fire-Boltt,Rise,"Bluetooth Calling 47mm (1.85), Metal Bo...",Gold Black Strap,1.85, Free Size,1099.0,11999.0,Super Deals,90
628,Fire-Boltt,Ring,X 2.01inch HD | Always-On Display | Met...,Blue S Strap,2.01, Free Size,1449.0,2999.0,Super Deals,85
629,boAt,Lunar,"Discovery Pro, 1.39'' HD Display, QR Tray, E...",Cocoa Brown Strap,1.39, Free Size,1399.0,9499.0,Super Deals,84
630,Fire-Boltt,Ninja,Talk 35.3mm (1.39) Round Bluetooth Cal...,White Classic Strap,1.39, Free Size,1888.0,6999.0,Bank Offer,84
631,GameSir,I8,Pro Smart Watch Series 8 with multiple Featu...,Black Strap,nan, 1.75 Inch Full Screen Display,630.0,6999.0,Super Deals,78
632,boAt,Chrome,"Horizon, 1.51''(3.83cm) AMOLED Display, Vid...",Royal Blue Strap,1.51, Free Size,3299.0,18999.0,Bank Offer,65
633,Apple,Watch,Series 11 GPS 42mm Jet Black Aluminium Case...,Black Strap,42 mm, Small/Medium,46900.0,11999.0,Bank Offer,77
634,Noise,Icon,2 Elite Edition 1.8'' Display with Metallic ...,Elite Gold Strap,1.8, Regular,1549.0,2995.0,Super Deals,82
635,boAt,Storm,"Infinity Plus, 20 Days BIG Battery, ASAP Cha...",Sports White Strap,1.96, Free Size,1199.0,59999.0,Super Deals,90
636,Fire-Boltt,Brillia,Pro 51.3mm (2.02) Largest AMOLED Dis...,Champagne Chain Strap,2.02, Free Size,1849.0,8397.0,Super Deals,89
637,Fire-Boltt,Nnja,Talk 35.3mm (1.39) Round Bluetooth Call...,Pink Strap,1.39," 1.39""",1299.0,8397.0,Bank Offer,45
638,Fastrack,Revoltt,FS2+|2.01'' Display|Functional Crown|B...,Beige Strap,2.01, Free Size,1628.0,8397.0,Bank Offer,15
639,Samsung,Galaxy,Watch 8 Classic,White Strap,nan, Large,50999.0,8397.0,Bank Offer,78
